-- MySQL dump 10.13  Distrib 8.0.22, for macos10.15 (x86_64)
--
-- Host: localhost    Database: playfit
-- ------------------------------------------------------
-- Server version	8.0.21
-- 帳密
-- playfit1234@gmail.com 1234
-- test@gmail.com    123456  月曆紀錄測試用帳號

/*!40101 SET @OLD_CHARACTER_SET_CLIENT=@@CHARACTER_SET_CLIENT */;
/*!40101 SET @OLD_CHARACTER_SET_RESULTS=@@CHARACTER_SET_RESULTS */;
/*!40101 SET @OLD_COLLATION_CONNECTION=@@COLLATION_CONNECTION */;
/*!50503 SET NAMES utf8 */;
/*!40103 SET @OLD_TIME_ZONE=@@TIME_ZONE */;
/*!40103 SET TIME_ZONE='+00:00' */;
/*!40014 SET @OLD_UNIQUE_CHECKS=@@UNIQUE_CHECKS, UNIQUE_CHECKS=0 */;
/*!40014 SET @OLD_FOREIGN_KEY_CHECKS=@@FOREIGN_KEY_CHECKS, FOREIGN_KEY_CHECKS=0 */;
/*!40101 SET @OLD_SQL_MODE=@@SQL_MODE, SQL_MODE='NO_AUTO_VALUE_ON_ZERO' */;
/*!40111 SET @OLD_SQL_NOTES=@@SQL_NOTES, SQL_NOTES=0 */;

/*Table structure for table `body_type` */

DROP TABLE IF EXISTS `body_type`;

CREATE TABLE `body_type` (
  `id` int NOT NULL AUTO_INCREMENT,
  `name` varchar(64) DEFAULT NULL,
  `description` varchar(255) DEFAULT NULL,
  PRIMARY KEY (`id`)
) ENGINE=InnoDB AUTO_INCREMENT=6 DEFAULT CHARSET=utf8mb4 COLLATE=utf8mb4_0900_ai_ci;

/*Data for the table `body_type` */

LOCK TABLES `body_type` WRITE;

insert  into `body_type`(`id`,`name`,`description`) values 
(1,'SKINNY','BMI : <16'),
(2,'SLIM','BMI : 16-18.5'),
(3,'NORMAL','BMI : 18.5-24.5'),
(4,'OVERWEIGHT','BMI : 25-32'),
(5,'OBESE','BMI : >32');

UNLOCK TABLES;

DROP TABLE IF EXISTS `avatar_body`;

CREATE TABLE `avatar_body` (
  `id` int NOT NULL AUTO_INCREMENT,
  `name` varchar(64) DEFAULT NULL,
  `color` varchar(64) DEFAULT NULL,
  `type` int NOT NULL,
  `path_label` mediumtext,
  PRIMARY KEY (`id`),
  KEY `type` (`type`),
  CONSTRAINT `avatar_body_ibfk_1` FOREIGN KEY (`type`) REFERENCES `body_type` (`id`)
) ENGINE=InnoDB AUTO_INCREMENT=26 DEFAULT CHARSET=utf8mb4 COLLATE=utf8mb4_0900_ai_ci;

/*Data for the table `avatar_body` */

LOCK TABLES `avatar_body` WRITE;

insert  into `avatar_body` values 
(1,'NORMAL_blue.svg','blue',3,'st9%M260,293.2c-0.8-4.6-5.2-7.9-11.3-9.2c-3.2-0.7-5.4-4.1-4.7-7.5c1.2-5.9,2-12.1,2.3-18.8  c2.4-50.7-23.5-104-65.2-129.4C162.8,117,159.4,91.7,148,73.7c-13.6-21.4-33.9-34.9-58.7-27.4c-15.5,4.7-53.1,12.5-49.2,147.3  c3.9,134.7,57,161.9,117,155.6c29.6-3.1,54.1-14.5,70-34.8c1.2-1.6,3.1-2.4,5-2.4c2.4,0.1,4.9-0.1,7.5-0.7  C252.2,308.9,261.3,300.7,260,293.2z%\r\nst42%M105.9,174.2c2.3,10.5,7,21.5,13.1,21.3c14.2-0.4,8.6-24.3,8.6-24.3%\r\nst42%M165.6,161.1c1.8,11.2-1.1,28.6-14.3,25.9c-5.9-1.2-8.5-10.6-6-20.4%\r\nst42%M155.8,293.3c11.6-6.8,24.4-6.7,28.5,0.4c4.1,7-2,12.4-13.6,19.2%\r\nst6%M91.4,64.5c1.5,2.9,1,6.2-1.2,7.3s-5.1-0.4-6.6-3.3c-1.5-2.9-1-6.2,1.2-7.3c1-0.5,2.3-0.5,3.5,0.1  C89.4,61.9,90.6,63,91.4,64.5z%\r\nst6%M105.1,57.4c1.5,2.9,1,6.2-1.2,7.3s-5.1-0.4-6.6-3.3c-1.5-2.9-1-6.2,1.2-7.3c1.3-0.7,3-0.4,4.4,0.7  C103.8,55.5,104.6,56.3,105.1,57.4z%\r\nst42%M72,58.2c0,0,0.7-10.8,8.1-14%\r\nst42%M88.2,40.2c0,0,5.2-2.7,15,0%\r\n'),
(2,'NORMAL_lightpurple.svg','lightpurple',3,'st10%M260,293.2c-0.8-4.6-5.2-7.9-11.3-9.2c-3.2-0.7-5.4-4.1-4.7-7.5c1.2-5.9,2-12.1,2.3-18.8  c2.4-50.7-23.5-104-65.2-129.4C162.8,117,159.4,91.7,148,73.7c-13.6-21.4-33.9-34.9-58.7-27.4c-15.5,4.7-53.1,12.5-49.2,147.3  c3.9,134.7,57,161.9,117,155.6c29.6-3.1,54.1-14.5,70-34.8c1.2-1.6,3.1-2.4,5-2.4c2.4,0.1,4.9-0.1,7.5-0.7  C252.2,308.9,261.3,300.7,260,293.2z%\r\nst42%M105.9,174.2c2.3,10.5,7,21.5,13.1,21.3c14.2-0.4,8.6-24.3,8.6-24.3%\r\nst42%M165.6,161.1c1.8,11.2-1.1,28.6-14.3,25.9c-5.9-1.2-8.5-10.6-6-20.4%\r\nst42%M155.8,293.3c11.6-6.8,24.4-6.7,28.5,0.4c4.1,7-2,12.4-13.6,19.2%\r\nst6%M91.4,64.5c1.5,2.9,1,6.2-1.2,7.3s-5.1-0.4-6.6-3.3c-1.5-2.9-1-6.2,1.2-7.3c1-0.5,2.3-0.5,3.5,0.1  C89.4,61.9,90.6,63,91.4,64.5z%\r\nst6%M105.1,57.4c1.5,2.9,1,6.2-1.2,7.3s-5.1-0.4-6.6-3.3c-1.5-2.9-1-6.2,1.2-7.3c1.3-0.7,3-0.4,4.4,0.7  C103.8,55.5,104.6,56.3,105.1,57.4z%\r\nst42%M72,58.2c0,0,0.7-10.8,8.1-14%\r\nst42%M88.2,40.2c0,0,5.2-2.7,15,0%\r\n'),
(3,'NORMAL_pink.svg','pink',3,'st5%M260,293.2c-0.8-4.6-5.2-7.9-11.3-9.2c-3.2-0.7-5.4-4.1-4.7-7.5c1.2-5.9,2-12.1,2.3-18.8  c2.4-50.7-23.5-104-65.2-129.4C162.8,117,159.4,91.7,148,73.7c-13.6-21.4-33.9-34.9-58.7-27.4c-15.5,4.7-53.1,12.5-49.2,147.3  c3.9,134.7,57,161.9,117,155.6c29.6-3.1,54.1-14.5,70-34.8c1.2-1.6,3.1-2.4,5-2.4c2.4,0.1,4.9-0.1,7.5-0.7  C252.2,308.9,261.3,300.7,260,293.2z%\r\nst42%M105.9,174.2c2.3,10.5,7,21.5,13.1,21.3c14.2-0.4,8.6-24.3,8.6-24.3%\r\nst42%M165.6,161.1c1.8,11.2-1.1,28.6-14.3,25.9c-5.9-1.2-8.5-10.6-6-20.4%\r\nst42%M155.8,293.3c11.6-6.8,24.4-6.7,28.5,0.4c4.1,7-2,12.4-13.6,19.2%\r\nst6%M91.4,64.5c1.5,2.9,1,6.2-1.2,7.3s-5.1-0.4-6.6-3.3c-1.5-2.9-1-6.2,1.2-7.3c1-0.5,2.3-0.5,3.5,0.1  C89.4,61.9,90.6,63,91.4,64.5z%\r\nst6%M105.1,57.4c1.5,2.9,1,6.2-1.2,7.3s-5.1-0.4-6.6-3.3c-1.5-2.9-1-6.2,1.2-7.3c1.3-0.7,3-0.4,4.4,0.7  C103.8,55.5,104.6,56.3,105.1,57.4z%\r\nst42%M72,58.2c0,0,0.7-10.8,8.1-14%\r\nst42%M88.2,40.2c0,0,5.2-2.7,15,0%\r\n'),
(4,'NORMAL_purple.svg','purple',3,'st11%M260,293.2c-0.8-4.6-5.2-7.9-11.3-9.2c-3.2-0.7-5.4-4.1-4.7-7.5c1.2-5.9,2-12.1,2.3-18.8  c2.4-50.7-23.5-104-65.2-129.4C162.8,117,159.4,91.7,148,73.7c-13.6-21.4-33.9-34.9-58.7-27.4c-15.5,4.7-53.1,12.5-49.2,147.3  c3.9,134.7,57,161.9,117,155.6c29.6-3.1,54.1-14.5,70-34.8c1.2-1.6,3.1-2.4,5-2.4c2.4,0.1,4.9-0.1,7.5-0.7  C252.2,308.9,261.3,300.7,260,293.2z%\r\nst42%M105.9,174.2c2.3,10.5,7,21.5,13.1,21.3c14.2-0.4,8.6-24.3,8.6-24.3%\r\nst42%M165.6,161.1c1.8,11.2-1.1,28.6-14.3,25.9c-5.9-1.2-8.5-10.6-6-20.4%\r\nst42%M155.8,293.3c11.6-6.8,24.4-6.7,28.5,0.4c4.1,7-2,12.4-13.6,19.2%\r\nst10%M91.4,64.5c1.5,2.9,1,6.2-1.2,7.3s-5.1-0.4-6.6-3.3c-1.5-2.9-1-6.2,1.2-7.3c1-0.5,2.3-0.5,3.5,0.1  C89.4,61.9,90.6,63,91.4,64.5z%\r\nst10%M105.1,57.4c1.5,2.9,1,6.2-1.2,7.3s-5.1-0.4-6.6-3.3c-1.5-2.9-1-6.2,1.2-7.3c1.3-0.7,3-0.4,4.4,0.7  C103.8,55.5,104.6,56.3,105.1,57.4z%\r\nst42%M72,58.2c0,0,0.7-10.8,8.1-14%\r\nst42%M88.2,40.2c0,0,5.2-2.7,15,0%\r\n'),
(5,'NORMAL_red.svg','red',3,'st7%M260,293.2c-0.8-4.6-5.2-7.9-11.3-9.2c-3.2-0.7-5.4-4.1-4.7-7.5c1.2-5.9,2-12.1,2.3-18.8  c2.4-50.7-23.5-104-65.2-129.4C162.8,117,159.4,91.7,148,73.7c-13.6-21.4-33.9-34.9-58.7-27.4c-15.5,4.7-53.1,12.5-49.2,147.3  c3.9,134.7,57,161.9,117,155.6c29.6-3.1,54.1-14.5,70-34.8c1.2-1.6,3.1-2.4,5-2.4c2.4,0.1,4.9-0.1,7.5-0.7  C252.2,308.9,261.3,300.7,260,293.2z%\r\nst42%M105.9,174.2c2.3,10.5,7,21.5,13.1,21.3c14.2-0.4,8.6-24.3,8.6-24.3%\r\nst42%M165.6,161.1c1.8,11.2-1.1,28.6-14.3,25.9c-5.9-1.2-8.5-10.6-6-20.4%\r\nst42%M155.8,293.3c11.6-6.8,24.4-6.7,28.5,0.4c4.1,7-2,12.4-13.6,19.2%\r\nst8%M91.4,64.5c1.5,2.9,1,6.2-1.2,7.3s-5.1-0.4-6.6-3.3c-1.5-2.9-1-6.2,1.2-7.3c1-0.5,2.3-0.5,3.5,0.1  C89.4,61.9,90.6,63,91.4,64.5z%\r\nst8%M105.1,57.4c1.5,2.9,1,6.2-1.2,7.3s-5.1-0.4-6.6-3.3c-1.5-2.9-1-6.2,1.2-7.3c1.3-0.7,3-0.4,4.4,0.7  C103.8,55.5,104.6,56.3,105.1,57.4z%\r\nst42%M72,58.2c0,0,0.7-10.8,8.1-14%\r\nst42%M88.2,40.2c0,0,5.2-2.7,15,0%\r\n'),
(6,'OBESE_blue.svg','blue',5,'st9%M296.6,206.3c0-24.5-7-49.3-18.9-72.2c-2.9-5.6-1.8-12.7,2.4-17.1c9-9.3,13.2-19.7,9.9-26.8  c-4.2-9-19.2-9.9-35.6-3c-4.5,1.9-9.5,0.8-13.1-2.7C213.7,57.2,179.1,39,145.3,39C71.6,39.1,4.4,133,3.4,214.3  c-0.8,62.1,49.2,78.1,69.8,89.9c5.7,3.2,11.5,9.6,12.3,16.6c0,0,0,0,0,0.1c2.9,17.6,11.8,30.6,24.7,28.9c10-1.3,17.3-12.8,19.1-27.9  c0.4-3.9,3.5-6.7,7-6.6c2.7,0.1,5.4,0.1,8.2,0.1c6.4,0,12.8-0.2,19.2-0.6c3.5-0.3,6.6,2.7,6.9,6.6c1.6,15.4,9,28.4,19.2,28.6  c9.3,0.2,22.4-16.8,24.1-34.8l0.3-2.4c0.4-4.1,3-7.6,6.6-9C262,288.3,296.6,257.3,296.6,206.3z%\r\nst42%M95.2,119c14.5-1.2,26.9,4.8,27.6,13.2c0.7,8.4-10.6,16.3-25.1,17.4L84,150.7%\r\nst6%M142.2,69.8c2.9-1.5,3.6-5.9,1.6-9.9c-2.1-4-6-6-9-4.5c-2.9,1.5-3.6,5.9-1.6,9.9  C135.3,69.4,139.3,71.4,142.2,69.8z%\r\nst6%M160.9,60.3c2.9-1.5,3.6-5.9,1.6-9.9c-2.1-4-6-6-9-4.5c-2.9,1.5-3.6,5.9-1.6,9.9C154,59.8,158,61.8,160.9,60.3z  %\r\nst42%M106.7,58.5c0,0,2.6-26.1,23.5-21.4c4,0.9,7.9-0.3,11-2.9c3.8-3.1,10.2-5.9,19.8-1.9%\r\n'),
(7,'OBESE_lightpurple.svg','lightpurple',5,'st10%M296.6,206.3c0-24.5-7-49.3-18.9-72.2c-2.9-5.6-1.8-12.7,2.4-17.1c9-9.3,13.2-19.7,9.9-26.8  c-4.2-9-19.2-9.9-35.6-3c-4.5,1.9-9.5,0.8-13.1-2.7C213.7,57.2,179.1,39,145.3,39C71.6,39.1,4.4,133,3.4,214.3  c-0.8,62.1,49.2,78.1,69.8,89.9c5.7,3.2,11.5,9.6,12.3,16.6c0,0,0,0,0,0.1c2.9,17.6,11.8,30.6,24.7,28.9c10-1.3,17.3-12.8,19.1-27.9  c0.4-3.9,3.5-6.7,7-6.6c2.7,0.1,5.4,0.1,8.2,0.1c6.4,0,12.8-0.2,19.2-0.6c3.5-0.3,6.6,2.7,6.9,6.6c1.6,15.4,9,28.4,19.2,28.6  c9.3,0.2,22.4-16.8,24.1-34.8l0.3-2.4c0.4-4.1,3-7.6,6.6-9C262,288.3,296.6,257.3,296.6,206.3z%\r\nst42%M95.2,119c14.5-1.2,26.9,4.8,27.6,13.2c0.7,8.4-10.6,16.3-25.1,17.4L84,150.7%\r\nst6%M142.2,69.8c2.9-1.5,3.6-5.9,1.6-9.9c-2.1-4-6-6-9-4.5c-2.9,1.5-3.6,5.9-1.6,9.9  C135.3,69.4,139.3,71.4,142.2,69.8z%\r\nst6%M160.9,60.3c2.9-1.5,3.6-5.9,1.6-9.9c-2.1-4-6-6-9-4.5c-2.9,1.5-3.6,5.9-1.6,9.9C154,59.8,158,61.8,160.9,60.3z  %\r\nst42%M106.7,58.5c0,0,2.6-26.1,23.5-21.4c4,0.9,7.9-0.3,11-2.9c3.8-3.1,10.2-5.9,19.8-1.9%\r\n'),
(8,'OBESE_pink.svg','pink',5,'st5%M296.6,206.3c0-24.5-7-49.3-18.9-72.2c-2.9-5.6-1.8-12.7,2.4-17.1c9-9.3,13.2-19.7,9.9-26.8   c-4.2-9-19.2-9.9-35.6-3c-4.5,1.9-9.5,0.8-13.1-2.7C213.7,57.2,179.1,39,145.3,39C71.6,39.1,4.4,133,3.4,214.3   c-0.8,62.1,49.2,78.1,69.8,89.9c5.7,3.2,11.5,9.6,12.3,16.6c0,0,0,0,0,0.1c2.9,17.6,11.8,30.6,24.7,28.9   c10-1.3,17.3-12.8,19.1-27.9c0.4-3.9,3.5-6.7,7-6.6c2.7,0.1,5.4,0.1,8.2,0.1c6.4,0,12.8-0.2,19.2-0.6c3.5-0.3,6.6,2.7,6.9,6.6   c1.6,15.4,9,28.4,19.2,28.6c9.3,0.2,22.4-16.8,24.1-34.8l0.3-2.4c0.4-4.1,3-7.6,6.6-9C262,288.3,296.6,257.3,296.6,206.3z%\r\nst42%M95.2,119c14.5-1.2,26.9,4.8,27.6,13.2c0.7,8.4-10.6,16.3-25.1,17.4L84,150.7%\r\nst6%M142.2,69.8c2.9-1.5,3.6-5.9,1.6-9.9c-2.1-4-6-6-9-4.5c-2.9,1.5-3.6,5.9-1.6,9.9   C135.3,69.4,139.3,71.4,142.2,69.8z%\r\nst6%M160.9,60.3c2.9-1.5,3.6-5.9,1.6-9.9c-2.1-4-6-6-9-4.5c-2.9,1.5-3.6,5.9-1.6,9.9C154,59.8,158,61.8,160.9,60.3   z%\r\nst42%M106.7,58.5c0,0,2.6-26.1,23.5-21.4c4,0.9,7.9-0.3,11-2.9c3.8-3.1,10.2-5.9,19.8-1.9%\r\n'),
(9,'OBESE_purple.svg','purple',5,'st11%M296.6,206.3c0-24.5-7-49.3-18.9-72.2c-2.9-5.6-1.8-12.7,2.4-17.1c9-9.3,13.2-19.7,9.9-26.8  c-4.2-9-19.2-9.9-35.6-3c-4.5,1.9-9.5,0.8-13.1-2.7C213.7,57.2,179.1,39,145.3,39C71.6,39.1,4.4,133,3.4,214.3  c-0.8,62.1,49.2,78.1,69.8,89.9c5.7,3.2,11.5,9.6,12.3,16.6c0,0,0,0,0,0.1c2.9,17.6,11.8,30.6,24.7,28.9c10-1.3,17.3-12.8,19.1-27.9  c0.4-3.9,3.5-6.7,7-6.6c2.7,0.1,5.4,0.1,8.2,0.1c6.4,0,12.8-0.2,19.2-0.6c3.5-0.3,6.6,2.7,6.9,6.6c1.6,15.4,9,28.4,19.2,28.6  c9.3,0.2,22.4-16.8,24.1-34.8l0.3-2.4c0.4-4.1,3-7.6,6.6-9C262,288.3,296.6,257.3,296.6,206.3z%\r\nst42%M95.2,119c14.5-1.2,26.9,4.8,27.6,13.2c0.7,8.4-10.6,16.3-25.1,17.4L84,150.7%\r\nst10%M142.2,69.8c2.9-1.5,3.6-5.9,1.6-9.9c-2.1-4-6-6-9-4.5c-2.9,1.5-3.6,5.9-1.6,9.9  C135.3,69.4,139.3,71.4,142.2,69.8z%\r\nst10%M160.9,60.3c2.9-1.5,3.6-5.9,1.6-9.9c-2.1-4-6-6-9-4.5c-2.9,1.5-3.6,5.9-1.6,9.9C154,59.8,158,61.8,160.9,60.3  z%\r\nst42%M106.7,58.5c0,0,2.6-26.1,23.5-21.4c4,0.9,7.9-0.3,11-2.9c3.8-3.1,10.2-5.9,19.8-1.9%\r\n'),
(10,'OBESE_red.svg','red',5,'st7%M296.6,206.3c0-24.5-7-49.3-18.9-72.2c-2.9-5.6-1.8-12.7,2.4-17.1c9-9.3,13.2-19.7,9.9-26.8  c-4.2-9-19.2-9.9-35.6-3c-4.5,1.9-9.5,0.8-13.1-2.7C213.7,57.2,179.1,39,145.3,39C71.6,39.1,4.4,133,3.4,214.3  c-0.8,62.1,49.2,78.1,69.8,89.9c5.7,3.2,11.5,9.6,12.3,16.6c0,0,0,0,0,0.1c2.9,17.6,11.8,30.6,24.7,28.9c10-1.3,17.3-12.8,19.1-27.9  c0.4-3.9,3.5-6.7,7-6.6c2.7,0.1,5.4,0.1,8.2,0.1c6.4,0,12.8-0.2,19.2-0.6c3.5-0.3,6.6,2.7,6.9,6.6c1.6,15.4,9,28.4,19.2,28.6  c9.3,0.2,22.4-16.8,24.1-34.8l0.3-2.4c0.4-4.1,3-7.6,6.6-9C262,288.3,296.6,257.3,296.6,206.3z%\r\nst42%M95.2,119c14.5-1.2,26.9,4.8,27.6,13.2c0.7,8.4-10.6,16.3-25.1,17.4L84,150.7%\r\nst8%M142.2,69.8c2.9-1.5,3.6-5.9,1.6-9.9c-2.1-4-6-6-9-4.5c-2.9,1.5-3.6,5.9-1.6,9.9  C135.3,69.4,139.3,71.4,142.2,69.8z%\r\nst8%M160.9,60.3c2.9-1.5,3.6-5.9,1.6-9.9c-2.1-4-6-6-9-4.5c-2.9,1.5-3.6,5.9-1.6,9.9C154,59.8,158,61.8,160.9,60.3z  %\r\nst42%M106.7,58.5c0,0,2.6-26.1,23.5-21.4c4,0.9,7.9-0.3,11-2.9c3.8-3.1,10.2-5.9,19.8-1.9%\r\n'),
(11,'OVERWEIGHT_blue.svg','blue',4,'st9%M259,126.7c-3.4-4.6-12.1-4.1-21,0.6c-0.7,0-1.2,0.1-1.2,0.1l-7.6-38.7c0-0.2-0.1-0.3-0.1-0.5  c-10.4-30.2-36.8-50-68.9-49.2c-18.1,0.4-37.1,8.7-47,18.8c-8.3,8.4-23,24.8-30.5,35.1c-4.8-5.3-10.2-7.9-14.3-6.1  c-6.4,2.8-7.2,14.9-1.9,27c0.3,0.8,0.7,1.5,1.1,2.2c1.6,3.1,1.7,6.7,0.4,10c-3.4,8.1-6.6,14.1-9.5,22.3c-3.3,9.4-3.1,9.5-5.8,19.1  c-2.9,10.2-5.4,20.5-7.3,30.9c-1.9,10.3-3.4,20.8-4,31.3c-0.6,9.9-0.4,20,0.9,29.8c1.2,9.1,3.5,18.1,7.4,26.4  c3.7,8,8.8,15.2,15.3,21.1c7.1,6.4,15.7,11,24.8,13.9c3.4,1.1,6.8,1.9,10.3,2.6c1.9,0.4,3.8,0.7,5.6,1c0.1,0,0.2,0,0.3,0.1  c0.1,0.1,0.1,0.2,0.1,0.3c0.6,3.1,1.2,6.3,2.1,9.4c0.9,3,2.1,5.9,3.9,8.5c0,0.1,0.2,0.2,0.2,0.3c2.4,3.2,6.1,5.9,10.3,5  c4.4-0.9,6.2-5.1,7-9.1c0.4-2.1,0.6-4.3,0.8-6.5c0.1-1.5-0.3-5.2,1.5-5.6c0.6-0.1,1.1,0,1.7,0c3.1,0.4,6.1,0.7,9.2,0.9  c2.2,0.1,4.4,0.1,6.7,0.1c1.3,0,2.2,1.4,1.7,2.7c-1.5,3.4-2.6,6.8-2.4,10.6c0.1,3.1,1.2,6.2,4,7.8c5.6,3.2,15.5-3.4,22.1-14.9  c0.5-0.8,0.9-1.6,1.3-2.4c1.1-2.2,3.1-3.8,5.6-4.2c7.4-1.3,15-2.4,21.7-6.2c6.6-3.7,12.6-8.5,17.6-14.1  c9.5-10.5,15.6-23.7,18.4-37.6c7.3-36,3.6-75.5,0.6-111.9c-0.1-1.4,0.6-2.8,1.9-3.5c1.7-0.9,3.5-2.1,5.2-3.3  C257.9,143.2,263.1,132.3,259,126.7z%\r\nst6%M149.3,65.5c1.8-2.9,4.9-3.4,6.9-1.3c2,2.1,2.2,6.2,0.4,9c-1.8,2.9-4.9,3.4-6.9,1.3  C147.7,72.4,147.5,68.4,149.3,65.5z%\r\nst6%M166,68.1c1.8-2.9,4.9-3.4,6.9-1.3c2,2.1,2.2,6.2,0.4,9c-1.8,2.9-4.9,3.4-6.9,1.3C164.4,75,164.2,70.9,166,68.1  z%\r\n'),
(12,'OVERWEIGHT_lightpurple.svg','lightpurple',4,'st10%M259,126.7c-3.4-4.6-12.1-4.1-21,0.6c-0.7,0-1.2,0.1-1.2,0.1l-7.6-38.7c0-0.2-0.1-0.3-0.1-0.5  c-10.4-30.2-36.8-50-68.9-49.2c-18.1,0.4-37.1,8.7-47,18.8c-8.3,8.4-23,24.8-30.5,35.1c-4.8-5.3-10.2-7.9-14.3-6.1  c-6.4,2.8-7.2,14.9-1.9,27c0.3,0.8,0.7,1.5,1.1,2.2c1.6,3.1,1.7,6.7,0.4,10c-3.4,8.1-6.6,14.1-9.5,22.3c-3.3,9.4-3.1,9.5-5.8,19.1  c-2.9,10.2-5.4,20.5-7.3,30.9c-1.9,10.3-3.4,20.8-4,31.3c-0.6,9.9-0.4,20,0.9,29.8c1.2,9.1,3.5,18.1,7.4,26.4  c3.7,8,8.8,15.2,15.3,21.1c7.1,6.4,15.7,11,24.8,13.9c3.4,1.1,6.8,1.9,10.3,2.6c1.9,0.4,3.8,0.7,5.6,1c0.1,0,0.2,0,0.3,0.1  c0.1,0.1,0.1,0.2,0.1,0.3c0.6,3.1,1.2,6.3,2.1,9.4c0.9,3,2.1,5.9,3.9,8.5c0,0.1,0.2,0.2,0.2,0.3c2.4,3.2,6.1,5.9,10.3,5  c4.4-0.9,6.2-5.1,7-9.1c0.4-2.1,0.6-4.3,0.8-6.5c0.1-1.5-0.3-5.2,1.5-5.6c0.6-0.1,1.1,0,1.7,0c3.1,0.4,6.1,0.7,9.2,0.9  c2.2,0.1,4.4,0.1,6.7,0.1c1.3,0,2.2,1.4,1.7,2.7c-1.5,3.4-2.6,6.8-2.4,10.6c0.1,3.1,1.2,6.2,4,7.8c5.6,3.2,15.5-3.4,22.1-14.9  c0.5-0.8,0.9-1.6,1.3-2.4c1.1-2.2,3.1-3.8,5.6-4.2c7.4-1.3,15-2.4,21.7-6.2c6.6-3.7,12.6-8.5,17.6-14.1  c9.5-10.5,15.6-23.7,18.4-37.6c7.3-36,3.6-75.5,0.6-111.9c-0.1-1.4,0.6-2.8,1.9-3.5c1.7-0.9,3.5-2.1,5.2-3.3  C257.9,143.2,263.1,132.3,259,126.7z%\r\nst6%M149.3,65.5c1.8-2.9,4.9-3.4,6.9-1.3c2,2.1,2.2,6.2,0.4,9c-1.8,2.9-4.9,3.4-6.9,1.3  C147.7,72.4,147.5,68.4,149.3,65.5z%\r\nst6%M166,68.1c1.8-2.9,4.9-3.4,6.9-1.3c2,2.1,2.2,6.2,0.4,9c-1.8,2.9-4.9,3.4-6.9,1.3C164.4,75,164.2,70.9,166,68.1  z%\r\n'),
(13,'OVERWEIGHT_pink.svg','pink',4,'st5%M259,126.7c-3.4-4.6-12.1-4.1-21,0.6c-0.7,0-1.2,0.1-1.2,0.1l-7.6-38.7c0-0.2-0.1-0.3-0.1-0.5  c-10.4-30.2-36.8-50-68.9-49.2c-18.1,0.4-37.1,8.7-47,18.8c-8.3,8.4-23,24.8-30.5,35.1c-4.8-5.3-10.2-7.9-14.3-6.1  c-6.4,2.8-7.2,14.9-1.9,27c0.3,0.8,0.7,1.5,1.1,2.2c1.6,3.1,1.7,6.7,0.4,10c-3.4,8.1-6.6,14.1-9.5,22.3c-3.3,9.4-3.1,9.5-5.8,19.1  c-2.9,10.2-5.4,20.5-7.3,30.9c-1.9,10.3-3.4,20.8-4,31.3c-0.6,9.9-0.4,20,0.9,29.8c1.2,9.1,3.5,18.1,7.4,26.4  c3.7,8,8.8,15.2,15.3,21.1c7.1,6.4,15.7,11,24.8,13.9c3.4,1.1,6.8,1.9,10.3,2.6c1.9,0.4,3.8,0.7,5.6,1c0.1,0,0.2,0,0.3,0.1  c0.1,0.1,0.1,0.2,0.1,0.3c0.6,3.1,1.2,6.3,2.1,9.4c0.9,3,2.1,5.9,3.9,8.5c0,0.1,0.2,0.2,0.2,0.3c2.4,3.2,6.1,5.9,10.3,5  c4.4-0.9,6.2-5.1,7-9.1c0.4-2.1,0.6-4.3,0.8-6.5c0.1-1.5-0.3-5.2,1.5-5.6c0.6-0.1,1.1,0,1.7,0c3.1,0.4,6.1,0.7,9.2,0.9  c2.2,0.1,4.4,0.1,6.7,0.1c1.3,0,2.2,1.4,1.7,2.7c-1.5,3.4-2.6,6.8-2.4,10.6c0.1,3.1,1.2,6.2,4,7.8c5.6,3.2,15.5-3.4,22.1-14.9  c0.5-0.8,0.9-1.6,1.3-2.4c1.1-2.2,3.1-3.8,5.6-4.2c7.4-1.3,15-2.4,21.7-6.2c6.6-3.7,12.6-8.5,17.6-14.1  c9.5-10.5,15.6-23.7,18.4-37.6c7.3-36,3.6-75.5,0.6-111.9c-0.1-1.4,0.6-2.8,1.9-3.5c1.7-0.9,3.5-2.1,5.2-3.3  C257.9,143.2,263.1,132.3,259,126.7z%\r\nst6%M149.3,65.5c1.8-2.9,4.9-3.4,6.9-1.3c2,2.1,2.2,6.2,0.4,9c-1.8,2.9-4.9,3.4-6.9,1.3  C147.7,72.4,147.5,68.4,149.3,65.5z%\r\nst6%M166,68.1c1.8-2.9,4.9-3.4,6.9-1.3c2,2.1,2.2,6.2,0.4,9c-1.8,2.9-4.9,3.4-6.9,1.3C164.4,75,164.2,70.9,166,68.1  z%\r\n'),
(14,'OVERWEIGHT_purple.svg','purple',4,'st11%M259,126.7c-3.4-4.6-12.1-4.1-21,0.6c-0.7,0-1.2,0.1-1.2,0.1l-7.6-38.7c0-0.2-0.1-0.3-0.1-0.5  c-10.4-30.2-36.8-50-68.9-49.2c-18.1,0.4-37.1,8.7-47,18.8c-8.3,8.4-23,24.8-30.5,35.1c-4.8-5.3-10.2-7.9-14.3-6.1  c-6.4,2.8-7.2,14.9-1.9,27c0.3,0.8,0.7,1.5,1.1,2.2c1.6,3.1,1.7,6.7,0.4,10c-3.4,8.1-6.6,14.1-9.5,22.3c-3.3,9.4-3.1,9.5-5.8,19.1  c-2.9,10.2-5.4,20.5-7.3,30.9c-1.9,10.3-3.4,20.8-4,31.3c-0.6,9.9-0.4,20,0.9,29.8c1.2,9.1,3.5,18.1,7.4,26.4  c3.7,8,8.8,15.2,15.3,21.1c7.1,6.4,15.7,11,24.8,13.9c3.4,1.1,6.8,1.9,10.3,2.6c1.9,0.4,3.8,0.7,5.6,1c0.1,0,0.2,0,0.3,0.1  c0.1,0.1,0.1,0.2,0.1,0.3c0.6,3.1,1.2,6.3,2.1,9.4c0.9,3,2.1,5.9,3.9,8.5c0,0.1,0.2,0.2,0.2,0.3c2.4,3.2,6.1,5.9,10.3,5  c4.4-0.9,6.2-5.1,7-9.1c0.4-2.1,0.6-4.3,0.8-6.5c0.1-1.5-0.3-5.2,1.5-5.6c0.6-0.1,1.1,0,1.7,0c3.1,0.4,6.1,0.7,9.2,0.9  c2.2,0.1,4.4,0.1,6.7,0.1c1.3,0,2.2,1.4,1.7,2.7c-1.5,3.4-2.6,6.8-2.4,10.6c0.1,3.1,1.2,6.2,4,7.8c5.6,3.2,15.5-3.4,22.1-14.9  c0.5-0.8,0.9-1.6,1.3-2.4c1.1-2.2,3.1-3.8,5.6-4.2c7.4-1.3,15-2.4,21.7-6.2c6.6-3.7,12.6-8.5,17.6-14.1  c9.5-10.5,15.6-23.7,18.4-37.6c7.3-36,3.6-75.5,0.6-111.9c-0.1-1.4,0.6-2.8,1.9-3.5c1.7-0.9,3.5-2.1,5.2-3.3  C257.9,143.2,263.1,132.3,259,126.7z%\r\nst10%M149.3,65.5c1.8-2.9,4.9-3.4,6.9-1.3c2,2.1,2.2,6.2,0.4,9c-1.8,2.9-4.9,3.4-6.9,1.3  C147.7,72.4,147.5,68.4,149.3,65.5z%\r\nst10%M166,68.1c1.8-2.9,4.9-3.4,6.9-1.3c2,2.1,2.2,6.2,0.4,9c-1.8,2.9-4.9,3.4-6.9,1.3  C164.4,75,164.2,70.9,166,68.1z%\r\n'),
(15,'OVERWEIGHT_red.svg','red',4,'st7%M259,126.7c-3.4-4.6-12.1-4.1-21,0.6c-0.7,0-1.2,0.1-1.2,0.1l-7.6-38.7c0-0.2-0.1-0.3-0.1-0.5  c-10.4-30.2-36.8-50-68.9-49.2c-18.1,0.4-37.1,8.7-47,18.8c-8.3,8.4-23,24.8-30.5,35.1c-4.8-5.3-10.2-7.9-14.3-6.1  c-6.4,2.8-7.2,14.9-1.9,27c0.3,0.8,0.7,1.5,1.1,2.2c1.6,3.1,1.7,6.7,0.4,10c-3.4,8.1-6.6,14.1-9.5,22.3c-3.3,9.4-3.1,9.5-5.8,19.1  c-2.9,10.2-5.4,20.5-7.3,30.9c-1.9,10.3-3.4,20.8-4,31.3c-0.6,9.9-0.4,20,0.9,29.8c1.2,9.1,3.5,18.1,7.4,26.4  c3.7,8,8.8,15.2,15.3,21.1c7.1,6.4,15.7,11,24.8,13.9c3.4,1.1,6.8,1.9,10.3,2.6c1.9,0.4,3.8,0.7,5.6,1c0.1,0,0.2,0,0.3,0.1  c0.1,0.1,0.1,0.2,0.1,0.3c0.6,3.1,1.2,6.3,2.1,9.4c0.9,3,2.1,5.9,3.9,8.5c0,0.1,0.2,0.2,0.2,0.3c2.4,3.2,6.1,5.9,10.3,5  c4.4-0.9,6.2-5.1,7-9.1c0.4-2.1,0.6-4.3,0.8-6.5c0.1-1.5-0.3-5.2,1.5-5.6c0.6-0.1,1.1,0,1.7,0c3.1,0.4,6.1,0.7,9.2,0.9  c2.2,0.1,4.4,0.1,6.7,0.1c1.3,0,2.2,1.4,1.7,2.7c-1.5,3.4-2.6,6.8-2.4,10.6c0.1,3.1,1.2,6.2,4,7.8c5.6,3.2,15.5-3.4,22.1-14.9  c0.5-0.8,0.9-1.6,1.3-2.4c1.1-2.2,3.1-3.8,5.6-4.2c7.4-1.3,15-2.4,21.7-6.2c6.6-3.7,12.6-8.5,17.6-14.1  c9.5-10.5,15.6-23.7,18.4-37.6c7.3-36,3.6-75.5,0.6-111.9c-0.1-1.4,0.6-2.8,1.9-3.5c1.7-0.9,3.5-2.1,5.2-3.3  C257.9,143.2,263.1,132.3,259,126.7z%\r\nst8%M149.3,65.5c1.8-2.9,4.9-3.4,6.9-1.3c2,2.1,2.2,6.2,0.4,9c-1.8,2.9-4.9,3.4-6.9,1.3  C147.7,72.4,147.5,68.4,149.3,65.5z%\r\nst8%M166,68.1c1.8-2.9,4.9-3.4,6.9-1.3c2,2.1,2.2,6.2,0.4,9c-1.8,2.9-4.9,3.4-6.9,1.3C164.4,75,164.2,70.9,166,68.1  z%\r\n'),
(16,'SKINNY_blue.svg','blue',1,'st9%M223.8,124.1c-5.2-5.2-17.4,1.1-22.7,6.1c-1,0.9-2.5,0.1-2.4-1.2c0.9-14.6,1.2-25.4-0.4-40.1  c-1.6-14.6-5.2-32.9-17-43c-15.2-13-34.7-5.9-46.6,8.6c-9,10.9-14.2,24-16.9,37.8c-1.3,7-2,14.1-2.5,21.2  c-0.3,4.5,0.9,13.5-3.4,16.4c-2.6,1.8-6.6,2.8-9.5,2.1c-6.4-1.7-22.8-6.1-26.8,1.4c-6.6,12.5,22.9,20.1,29.7,21.8  c4.5,1.1,7.6,5.1,7.6,9.7c0,10.9-0.1,30.4-0.1,41.8c0,31.8-7,86.6,17.2,112.7c2.1,2.3,5.3,6.3,6.7,9.2c2.3,4.9,3.3,20.6,10.6,21.4  c8.7,1,8.1-12.2,8.8-16.7c0.3-1.7,1.7-2.9,3.3-2.9c1.5-0.1,3-0.2,4.5-0.4c1.8-0.2,3.6,0.8,3.9,2.7c1.5,8.2,1.4,15.4,6,15.8  c7.2,0.7,8.1-9,9.5-18.7c0.7-4.7,3.2-8.7,6.2-12.4c8.2-10.4,9.1-22.9,9.5-28.1c2-26.1-0.6-51.7-2.9-82.5  c-1.1-15.1-0.4-30.2,0.6-45.3c0.2-2.5,1.2-4.8,3-6.5C216.9,138.1,230.3,130.6,223.8,124.1z%\r\nst6%M149.3,68c-1.1,2.7-3.5,4.2-5.5,3.5c-2-0.8-2.7-3.6-1.7-6.3c0.3-0.7,0.6-1.3,1-1.8c1.2-1.5,3-2.3,4.4-1.7  C149.6,62.5,150.3,65.3,149.3,68z%\r\nst6%M161.9,73c-1.1,2.7-3.5,4.2-5.5,3.5c-2-0.8-2.7-3.6-1.7-6.3c0.5-1.2,1.2-2.1,2-2.8c1.1-0.8,2.3-1.1,3.4-0.7  C162.2,67.5,163,70.3,161.9,73z%\r\nst46%M137.1,51.6c0,0,10.5-6.5,12.9,2.8%\r\nst46%M158.3,57.8c0,0,11.4-4,16.2,5%\r\n'),
(17,'SKINNY_lightpurple.svg','lightpurple',1,'st10%M223.8,124.1c-5.2-5.2-17.4,1.1-22.7,6.1c-1,0.9-2.5,0.1-2.4-1.2c0.9-14.6,1.2-25.4-0.4-40.1  c-1.6-14.6-5.2-32.9-17-43c-15.2-13-34.7-5.9-46.6,8.6c-9,10.9-14.2,24-16.9,37.8c-1.3,7-2,14.1-2.5,21.2  c-0.3,4.5,0.9,13.5-3.4,16.4c-2.6,1.8-6.6,2.8-9.5,2.1c-6.4-1.7-22.8-6.1-26.8,1.4c-6.6,12.5,22.9,20.1,29.7,21.8  c4.5,1.1,7.6,5.1,7.6,9.7c0,10.9-0.1,30.4-0.1,41.8c0,31.8-7,86.6,17.2,112.7c2.1,2.3,5.3,6.3,6.7,9.2c2.3,4.9,3.3,20.6,10.6,21.4  c8.7,1,8.1-12.2,8.8-16.7c0.3-1.7,1.7-2.9,3.3-2.9c1.5-0.1,3-0.2,4.5-0.4c1.8-0.2,3.6,0.8,3.9,2.7c1.5,8.2,1.4,15.4,6,15.8  c7.2,0.7,8.1-9,9.5-18.7c0.7-4.7,3.2-8.7,6.2-12.4c8.2-10.4,9.1-22.9,9.5-28.1c2-26.1-0.6-51.7-2.9-82.5  c-1.1-15.1-0.4-30.2,0.6-45.3c0.2-2.5,1.2-4.8,3-6.5C216.9,138.1,230.3,130.6,223.8,124.1z%\r\nst6%M149.3,68c-1.1,2.7-3.5,4.2-5.5,3.5c-2-0.8-2.7-3.6-1.7-6.3c0.3-0.7,0.6-1.3,1-1.8c1.2-1.5,3-2.3,4.4-1.7  C149.6,62.5,150.3,65.3,149.3,68z%\r\nst6%M161.9,73c-1.1,2.7-3.5,4.2-5.5,3.5c-2-0.8-2.7-3.6-1.7-6.3c0.5-1.2,1.2-2.1,2-2.8c1.1-0.8,2.3-1.1,3.4-0.7  C162.2,67.5,163,70.3,161.9,73z%\r\nst46%M137.1,51.6c0,0,10.5-6.5,12.9,2.8%\r\nst46%M158.3,57.8c0,0,11.4-4,16.2,5%\r\n'),
(18,'SKINNY_pink.svg','pink',1,'st45%M223.8,124.1c-5.2-5.2-17.4,1.1-22.7,6.1c-1,0.9-2.5,0.1-2.4-1.2c0.9-14.6,1.2-25.4-0.4-40.1  c-1.6-14.6-5.2-32.9-17-43c-15.2-13-34.7-5.9-46.6,8.6c-9,10.9-14.2,24-16.9,37.8c-1.3,7-2,14.1-2.5,21.2  c-0.3,4.5,0.9,13.5-3.4,16.4c-2.6,1.8-6.6,2.8-9.5,2.1c-6.4-1.7-22.8-6.1-26.8,1.4c-6.6,12.5,22.9,20.1,29.7,21.8  c4.5,1.1,7.6,5.1,7.6,9.7c0,10.9-0.1,30.4-0.1,41.8c0,31.8-7,86.6,17.2,112.7c2.1,2.3,5.3,6.3,6.7,9.2c2.3,4.9,3.3,20.6,10.6,21.4  c8.7,1,8.1-12.2,8.8-16.7c0.3-1.7,1.7-2.9,3.3-2.9c1.5-0.1,3-0.2,4.5-0.4c1.8-0.2,3.6,0.8,3.9,2.7c1.5,8.2,1.4,15.4,6,15.8  c7.2,0.7,8.1-9,9.5-18.7c0.7-4.7,3.2-8.7,6.2-12.4c8.2-10.4,9.1-22.9,9.5-28.1c2-26.1-0.6-51.7-2.9-82.5  c-1.1-15.1-0.4-30.2,0.6-45.3c0.2-2.5,1.2-4.8,3-6.5C216.9,138.1,230.3,130.6,223.8,124.1z%\r\nst6%M149.3,68c-1.1,2.7-3.5,4.2-5.5,3.5c-2-0.8-2.7-3.6-1.7-6.3c0.3-0.7,0.6-1.3,1-1.8c1.2-1.5,3-2.3,4.4-1.7  C149.6,62.5,150.3,65.3,149.3,68z%\r\nst6%M161.9,73c-1.1,2.7-3.5,4.2-5.5,3.5c-2-0.8-2.7-3.6-1.7-6.3c0.5-1.2,1.2-2.1,2-2.8c1.1-0.8,2.3-1.1,3.4-0.7  C162.2,67.5,163,70.3,161.9,73z%\r\nst46%M137.1,51.6c0,0,10.5-6.5,12.9,2.8%\r\nst46%M158.3,57.8c0,0,11.4-4,16.2,5%\r\n'),
(19,'SKINNY_purple.svg','purple',1,'st11%M223.8,124.1c-5.2-5.2-17.4,1.1-22.7,6.1c-1,0.9-2.5,0.1-2.4-1.2c0.9-14.6,1.2-25.4-0.4-40.1  c-1.6-14.6-5.2-32.9-17-43c-15.2-13-34.7-5.9-46.6,8.6c-9,10.9-14.2,24-16.9,37.8c-1.3,7-2,14.1-2.5,21.2  c-0.3,4.5,0.9,13.5-3.4,16.4c-2.6,1.8-6.6,2.8-9.5,2.1c-6.4-1.7-22.8-6.1-26.8,1.4c-6.6,12.5,22.9,20.1,29.7,21.8  c4.5,1.1,7.6,5.1,7.6,9.7c0,10.9-0.1,30.4-0.1,41.8c0,31.8-7,86.6,17.2,112.7c2.1,2.3,5.3,6.3,6.7,9.2c2.3,4.9,3.3,20.6,10.6,21.4  c8.7,1,8.1-12.2,8.8-16.7c0.3-1.7,1.7-2.9,3.3-2.9c1.5-0.1,3-0.2,4.5-0.4c1.8-0.2,3.6,0.8,3.9,2.7c1.5,8.2,1.4,15.4,6,15.8  c7.2,0.7,8.1-9,9.5-18.7c0.7-4.7,3.2-8.7,6.2-12.4c8.2-10.4,9.1-22.9,9.5-28.1c2-26.1-0.6-51.7-2.9-82.5  c-1.1-15.1-0.4-30.2,0.6-45.3c0.2-2.5,1.2-4.8,3-6.5C216.9,138.1,230.3,130.6,223.8,124.1z%\r\nst10%M149.3,68c-1.1,2.7-3.5,4.2-5.5,3.5c-2-0.8-2.7-3.6-1.7-6.3c0.3-0.7,0.6-1.3,1-1.8c1.2-1.5,3-2.3,4.4-1.7  C149.6,62.5,150.3,65.3,149.3,68z%\r\nst10%M161.9,73c-1.1,2.7-3.5,4.2-5.5,3.5c-2-0.8-2.7-3.6-1.7-6.3c0.5-1.2,1.2-2.1,2-2.8c1.1-0.8,2.3-1.1,3.4-0.7  C162.2,67.5,163,70.3,161.9,73z%\r\nst46%M137.1,51.6c0,0,10.5-6.5,12.9,2.8%\r\nst46%M158.3,57.8c0,0,11.4-4,16.2,5%\r\n'),
(20,'SKINNY_red.svg','red',1,'st7%M223.8,124.1c-5.2-5.2-17.4,1.1-22.7,6.1c-1,0.9-2.5,0.1-2.4-1.2c0.9-14.6,1.2-25.4-0.4-40.1  c-1.6-14.6-5.2-32.9-17-43c-15.2-13-34.7-5.9-46.6,8.6c-9,10.9-14.2,24-16.9,37.8c-1.3,7-2,14.1-2.5,21.2  c-0.3,4.5,0.9,13.5-3.4,16.4c-2.6,1.8-6.6,2.8-9.5,2.1c-6.4-1.7-22.8-6.1-26.8,1.4c-6.6,12.5,22.9,20.1,29.7,21.8  c4.5,1.1,7.6,5.1,7.6,9.7c0,10.9-0.1,30.4-0.1,41.8c0,31.8-7,86.6,17.2,112.7c2.1,2.3,5.3,6.3,6.7,9.2c2.3,4.9,3.3,20.6,10.6,21.4  c8.7,1,8.1-12.2,8.8-16.7c0.3-1.7,1.7-2.9,3.3-2.9c1.5-0.1,3-0.2,4.5-0.4c1.8-0.2,3.6,0.8,3.9,2.7c1.5,8.2,1.4,15.4,6,15.8  c7.2,0.7,8.1-9,9.5-18.7c0.7-4.7,3.2-8.7,6.2-12.4c8.2-10.4,9.1-22.9,9.5-28.1c2-26.1-0.6-51.7-2.9-82.5  c-1.1-15.1-0.4-30.2,0.6-45.3c0.2-2.5,1.2-4.8,3-6.5C216.9,138.1,230.3,130.6,223.8,124.1z%\r\nst8%M149.3,68c-1.1,2.7-3.5,4.2-5.5,3.5c-2-0.8-2.7-3.6-1.7-6.3c0.3-0.7,0.6-1.3,1-1.8c1.2-1.5,3-2.3,4.4-1.7  C149.6,62.5,150.3,65.3,149.3,68z%\r\nst8%M161.9,73c-1.1,2.7-3.5,4.2-5.5,3.5c-2-0.8-2.7-3.6-1.7-6.3c0.5-1.2,1.2-2.1,2-2.8c1.1-0.8,2.3-1.1,3.4-0.7  C162.2,67.5,163,70.3,161.9,73z%\r\nst46%M137.1,51.6c0,0,10.5-6.5,12.9,2.8%\r\nst46%M158.3,57.8c0,0,11.4-4,16.2,5%\r\n'),
(21,'SLIM_blue.svg','blue',2,'st9%M220.1,267.8c-3.5-37.9-17.2-73.1-21.5-110.3c-3.2-28.1,4.9-56.6-4.4-84.2c-6.3-18.9-21-30.8-37-33.6  c-16.7-2.9-34.9,4.1-46.1,23.5c-8.5,14.6-10.9,31.8-13.2,48.5c-5.4,39.6-10.7,79.2-16.1,118.8c-1.6,11.9-3.2,23.9-1.6,35.8  c2.7,20.7,14.4,34.9,30,43.8c7.4,4.2,9.8,12.8,10.5,19.9c0.4,4.7,0.8,10.6,3.7,14.3c3.4,4.3,8.4,4.6,12.5,1.9  c6.9-4.5,6.6-15.4,8.7-22.8c0.4-1.4,1.7-2.2,3.1-2.1c3.4,0.3,6.9,0.4,10.3,0.4c1.4,0,2.6,1,2.9,2.3c1.6,7,1.4,15.2,5,21.8  c4.2,7.7,13.2,3.6,15.5-3.5c3-9.2,2.1-19.6,11.3-26c4.7-3.3,10.7-4.5,15-8.5C219.2,298,221.4,282.1,220.1,267.8z%\r\nst42%M106.2,211.6c0,0,3.1,21.6,16,17.7c9.4-2.9,5-26.9,5-26.9%\r\nst42%M144.2,205.4c0,0-9.3,19.3,0,25.1c8.5,5.3,15.7-10,15.7-10%\r\nst6%M126.2,90.2c0,3.2-1.9,5.9-4.2,5.9c-2.4,0-4.3-2.6-4.3-5.8c0-3.2,1.9-5.9,4.2-5.9c1.2,0,2.3,0.6,3,1.7  C125.7,87.1,126.2,88.6,126.2,90.2z%\r\nst6%M141.4,90.1c0,3.2-1.9,5.9-4.2,5.9c-2.4,0-4.3-2.6-4.3-5.8c0-3.2,1.9-5.9,4.2-5.9c1.2,0,2.3,0.6,3,1.7  S141.4,88.5,141.4,90.1z%\r\nst42%M106.2,77.3c0,0,5-12.5,16.5-6.5%\r\nst42%M130.6,70.7c0,0,10.5-10.3,26.1,4%\r\n'),
(22,'SLIM_lightpurple.svg','lightpurple',2,'st10%M220.1,267.8c-3.5-37.9-17.2-73.1-21.5-110.3c-3.2-28.1,4.9-56.6-4.4-84.2c-6.3-18.9-21-30.8-37-33.6  c-16.7-2.9-34.9,4.1-46.1,23.5c-8.5,14.6-10.9,31.8-13.2,48.5c-5.4,39.6-10.7,79.2-16.1,118.8c-1.6,11.9-3.2,23.9-1.6,35.8  c2.7,20.7,14.4,34.9,30,43.8c7.4,4.2,9.8,12.8,10.5,19.9c0.4,4.7,0.8,10.6,3.7,14.3c3.4,4.3,8.4,4.6,12.5,1.9  c6.9-4.5,6.6-15.4,8.7-22.8c0.4-1.4,1.7-2.2,3.1-2.1c3.4,0.3,6.9,0.4,10.3,0.4c1.4,0,2.6,1,2.9,2.3c1.6,7,1.4,15.2,5,21.8  c4.2,7.7,13.2,3.6,15.5-3.5c3-9.2,2.1-19.6,11.3-26c4.7-3.3,10.7-4.5,15-8.5C219.2,298,221.4,282.1,220.1,267.8z%\r\nst42%M106.2,211.6c0,0,3.1,21.6,16,17.7c9.4-2.9,5-26.9,5-26.9%\r\nst42%M144.2,205.4c0,0-9.3,19.3,0,25.1c8.5,5.3,15.7-10,15.7-10%\r\nst6%M126.2,90.2c0,3.2-1.9,5.9-4.2,5.9c-2.4,0-4.3-2.6-4.3-5.8c0-3.2,1.9-5.9,4.2-5.9c1.2,0,2.3,0.6,3,1.7  C125.7,87.1,126.2,88.6,126.2,90.2z%\r\nst6%M141.4,90.1c0,3.2-1.9,5.9-4.2,5.9c-2.4,0-4.3-2.6-4.3-5.8c0-3.2,1.9-5.9,4.2-5.9c1.2,0,2.3,0.6,3,1.7  S141.4,88.5,141.4,90.1z%\r\nst42%M106.2,77.3c0,0,5-12.5,16.5-6.5%\r\nst42%M130.6,70.7c0,0,10.5-10.3,26.1,4%\r\n'),
(23,'SLIM_pink.svg','pink',2,'st45%M220.1,267.8c-3.5-37.9-17.2-73.1-21.5-110.3c-3.2-28.1,4.9-56.6-4.4-84.2c-6.3-18.9-21-30.8-37-33.6  c-16.7-2.9-34.9,4.1-46.1,23.5c-8.5,14.6-10.9,31.8-13.2,48.5c-5.4,39.6-10.7,79.2-16.1,118.8c-1.6,11.9-3.2,23.9-1.6,35.8  c2.7,20.7,14.4,34.9,30,43.8c7.4,4.2,9.8,12.8,10.5,19.9c0.4,4.7,0.8,10.6,3.7,14.3c3.4,4.3,8.4,4.6,12.5,1.9  c6.9-4.5,6.6-15.4,8.7-22.8c0.4-1.4,1.7-2.2,3.1-2.1c3.4,0.3,6.9,0.4,10.3,0.4c1.4,0,2.6,1,2.9,2.3c1.6,7,1.4,15.2,5,21.8  c4.2,7.7,13.2,3.6,15.5-3.5c3-9.2,2.1-19.6,11.3-26c4.7-3.3,10.7-4.5,15-8.5C219.2,298,221.4,282.1,220.1,267.8z%\r\nst42%M106.2,211.6c0,0,3.1,21.6,16,17.7c9.4-2.9,5-26.9,5-26.9%\r\nst42%M144.2,205.4c0,0-9.3,19.3,0,25.1c8.5,5.3,15.7-10,15.7-10%\r\nst6%M126.2,90.2c0,3.2-1.9,5.9-4.2,5.9c-2.4,0-4.3-2.6-4.3-5.8c0-3.2,1.9-5.9,4.2-5.9c1.2,0,2.3,0.6,3,1.7  C125.7,87.1,126.2,88.6,126.2,90.2z%\r\nst6%M141.4,90.1c0,3.2-1.9,5.9-4.2,5.9c-2.4,0-4.3-2.6-4.3-5.8c0-3.2,1.9-5.9,4.2-5.9c1.2,0,2.3,0.6,3,1.7  S141.4,88.5,141.4,90.1z%\r\nst42%M106.2,77.3c0,0,5-12.5,16.5-6.5%\r\nst42%M130.6,70.7c0,0,10.5-10.3,26.1,4%\r\n'),
(24,'SLIM_purple.svg','purple',2,'st11%M220.1,267.8c-3.5-37.9-17.2-73.1-21.5-110.3c-3.2-28.1,4.9-56.6-4.4-84.2c-6.3-18.9-21-30.8-37-33.6  c-16.7-2.9-34.9,4.1-46.1,23.5c-8.5,14.6-10.9,31.8-13.2,48.5c-5.4,39.6-10.7,79.2-16.1,118.8c-1.6,11.9-3.2,23.9-1.6,35.8  c2.7,20.7,14.4,34.9,30,43.8c7.4,4.2,9.8,12.8,10.5,19.9c0.4,4.7,0.8,10.6,3.7,14.3c3.4,4.3,8.4,4.6,12.5,1.9  c6.9-4.5,6.6-15.4,8.7-22.8c0.4-1.4,1.7-2.2,3.1-2.1c3.4,0.3,6.9,0.4,10.3,0.4c1.4,0,2.6,1,2.9,2.3c1.6,7,1.4,15.2,5,21.8  c4.2,7.7,13.2,3.6,15.5-3.5c3-9.2,2.1-19.6,11.3-26c4.7-3.3,10.7-4.5,15-8.5C219.2,298,221.4,282.1,220.1,267.8z%\r\nst42%M106.2,211.6c0,0,3.1,21.6,16,17.7c9.4-2.9,5-26.9,5-26.9%\r\nst42%M144.2,205.4c0,0-9.3,19.3,0,25.1c8.5,5.3,15.7-10,15.7-10%\r\nst10%M126.2,90.2c0,3.2-1.9,5.9-4.2,5.9c-2.4,0-4.3-2.6-4.3-5.8c0-3.2,1.9-5.9,4.2-5.9c1.2,0,2.3,0.6,3,1.7  C125.7,87.1,126.2,88.6,126.2,90.2z%\r\nst10%M141.4,90.1c0,3.2-1.9,5.9-4.2,5.9c-2.4,0-4.3-2.6-4.3-5.8c0-3.2,1.9-5.9,4.2-5.9c1.2,0,2.3,0.6,3,1.7  S141.4,88.5,141.4,90.1z%\r\nst42%M106.2,77.3c0,0,5-12.5,16.5-6.5%\r\nst42%M130.6,70.7c0,0,10.5-10.3,26.1,4%\r\n'),
(25,'SLIM_red.svg','red',2,'st7%M220.1,267.8c-3.5-37.9-17.2-73.1-21.5-110.3c-3.2-28.1,4.9-56.6-4.4-84.2c-6.3-18.9-21-30.8-37-33.6  c-16.7-2.9-34.9,4.1-46.1,23.5c-8.5,14.6-10.9,31.8-13.2,48.5c-5.4,39.6-10.7,79.2-16.1,118.8c-1.6,11.9-3.2,23.9-1.6,35.8  c2.7,20.7,14.4,34.9,30,43.8c7.4,4.2,9.8,12.8,10.5,19.9c0.4,4.7,0.8,10.6,3.7,14.3c3.4,4.3,8.4,4.6,12.5,1.9  c6.9-4.5,6.6-15.4,8.7-22.8c0.4-1.4,1.7-2.2,3.1-2.1c3.4,0.3,6.9,0.4,10.3,0.4c1.4,0,2.6,1,2.9,2.3c1.6,7,1.4,15.2,5,21.8  c4.2,7.7,13.2,3.6,15.5-3.5c3-9.2,2.1-19.6,11.3-26c4.7-3.3,10.7-4.5,15-8.5C219.2,298,221.4,282.1,220.1,267.8z%\r\nst42%M106.2,211.6c0,0,3.1,21.6,16,17.7c9.4-2.9,5-26.9,5-26.9%\r\nst42%M144.2,205.4c0,0-9.3,19.3,0,25.1c8.5,5.3,15.7-10,15.7-10%\r\nst8%M126.2,90.2c0,3.2-1.9,5.9-4.2,5.9c-2.4,0-4.3-2.6-4.3-5.8c0-3.2,1.9-5.9,4.2-5.9c1.2,0,2.3,0.6,3,1.7  C125.7,87.1,126.2,88.6,126.2,90.2z%\r\nst8%M141.4,90.1c0,3.2-1.9,5.9-4.2,5.9c-2.4,0-4.3-2.6-4.3-5.8c0-3.2,1.9-5.9,4.2-5.9c1.2,0,2.3,0.6,3,1.7  S141.4,88.5,141.4,90.1z%\r\nst42%M106.2,77.3c0,0,5-12.5,16.5-6.5%\r\nst42%M130.6,70.7c0,0,10.5-10.3,26.1,4%\r\n');

UNLOCK TABLES;

/*Table structure for table `avatar_clothes` */

DROP TABLE IF EXISTS `avatar_clothes`;

CREATE TABLE `avatar_clothes` (
  `id` int NOT NULL AUTO_INCREMENT,
  `name` varchar(64) DEFAULT NULL,
  `type` int NOT NULL,
  `path_label` mediumtext,
  PRIMARY KEY (`id`),
  KEY `type` (`type`),
  CONSTRAINT `avatar_clothes_ibfk_1` FOREIGN KEY (`type`) REFERENCES `body_type` (`id`)
) ENGINE=InnoDB AUTO_INCREMENT=26 DEFAULT CHARSET=utf8mb4 COLLATE=utf8mb4_0900_ai_ci;

/*Data for the table `avatar_clothes` */

LOCK TABLES `avatar_clothes` WRITE;

insert  into `avatar_clothes` values 
(1,'Bowknot',3,'st35%M130.3,124.5c1.5-1.3,3-2.6,4.5-3.9c4.2-3.7,8.3-7.4,12.5-11.1c2.8-2.5,6.4-2.7,9.4-0.8c2,1.3,3.1,3.3,3.8,5.7  c1.5,5.5,3.1,10.9,4.7,16.3c0,0.1,0,0.2,0,0.3c-0.2,0.1-0.3-0.1-0.4-0.2c-0.9-1.5-2.3-2.1-3.8-2.5c-2.4-0.6-4.8-0.5-7.2-0.2  c-5.8,0.8-10.9,3.4-15.9,6.4c-1.2,0.8-2.5,1.5-3.7,2.3c-0.3,0.2-0.6,0.4-1,0.4c-0.4-0.1-0.4-0.5-0.5-0.9c-0.6-2.8-1.1-5.7-1.7-8.5  c-0.2-0.8-0.3-1.7-0.7-2.5C130.3,125.1,130.2,124.8,130.3,124.5z%\r\nst35%M89.1,146.6c-0.3-2.4-0.6-4.8-0.9-7.2c-0.4-3.7-0.9-7.3-1.3-11c-0.7-6,4.3-10.6,9.8-8.9c4.5,1.4,9,3,13.5,4.5  c2.8,0.9,5.5,1.9,8.3,2.9c0.1,0,0.2,0,0.2,0c0.1,0.1,0.2,0.2,0.2,0.4c0.3,3.7,1.4,7.2,2,10.9c0.1,0.5,0.3,1,0.1,1.5  c-0.4,0.4-0.8,0.2-1.2,0.1c-4.3-0.8-8.5-1.4-12.9-1.4c-4.5-0.1-8.9,0.7-13,2.8c-1.5,0.8-3,1.7-4,3.3c-0.3,0.5-0.6,1.1-0.6,1.8  C89.4,146.3,89.4,146.6,89.1,146.6z%\r\nst36%M143.6,140.7c0.5,1,1.3,1.8,2,2.7c4.3,5.7,8.7,11.4,13,17.1c0.2,0.3,0.4,0.5,0.6,0.8c-0.4,0.2-0.6,0-0.9-0.1  c-3.1-1-6.3-1.9-9.4-2.9c-0.6-0.2-0.8-0.2-0.7,0.6c0.3,3.6,0.5,7.1,0.7,10.7c0,0.2,0,0.4,0,0.6c-0.3,0.1-0.3-0.1-0.4-0.3  c-6.8-9-13.7-17.9-20.5-26.9c-0.1-0.1-0.2-0.2-0.2-0.4c0-0.1-0.1-0.2-0.2-0.3c-0.5-0.5-0.4-0.7,0.2-0.9c0.5-0.2,1-0.2,1.5-0.3  c1.2-0.2,2.2-0.7,2.8-1.9c0.2-0.3,0.3-0.5,0.6-0.6c1.1,0.6,2.3,0.7,3.5,0.9c2.2,0.4,4.5,0.7,6.7,0.9  C143.2,140.5,143.5,140.5,143.6,140.7z%\r\nst36%M127.2,142.6c-0.8,3-1.5,6-2.3,9.1c-2,8-4.1,16-6.2,23.9c-0.1,0.3-0.2,0.6-0.3,1.1c-0.6-1.7-1.1-3.2-1.6-4.6  c-0.7-2.1-1.4-4.2-2.1-6.4c-0.2-0.6-0.4-0.7-0.9-0.3c-2.5,2.1-5,4.2-7.6,6.3c-0.2,0.2-0.4,0.3-0.7,0.5c-0.2-0.3,0-0.6,0.1-0.8  c2-7.7,3.9-15.3,5.9-23c0.1-0.3,0.3-0.6,0.1-0.9c0.1-0.5,0.6-0.6,0.9-0.8c2.9-1.5,5.7-3.2,8.3-5c0.4-0.3,0.7-0.6,0.7-1.2  c0.5-0.1,0.9,0.3,1.1,0.6c0.7,0.9,1.7,0.9,2.6,0.8c0.4,0,0.7-0.1,1.1-0.2C127.2,141.6,127.3,141.7,127.2,142.6z%\r\nst37%M121.7,140.6c0.4,0.5,0.2,0.8-0.3,1.2c-3,2-6,3.9-9.2,5.5c-0.2,0.1-0.3,0.2-0.5,0.3c-3.1,1.5-6.2,2.9-9.7,3.4  c-2.8,0.4-5.7,0.6-8.5-0.1c-1.1-0.3-2.3-0.7-3.1-1.6c-0.7-0.7-1.2-1.6-1.2-2.7c0.1-2.9,2-4.1,3.9-5.3c1.7-1.1,3.5-1.7,5.4-2.2  c5-1.4,10-1.2,15.2-0.5c2.4,0.3,4.8,0.7,7.2,1.1C121.4,139.6,121.6,140,121.7,140.6z%\r\nst37%M143.6,140.7c-3.4-0.3-6.8-0.8-10.1-1.5c-0.3-0.1-0.7-0.1-0.7-0.6c-0.1-0.7,0-1.2,0.5-1.6  c4.3-2.8,8.6-5.5,13.3-7.4c3.1-1.3,6.3-1.9,9.7-2.1c2-0.1,3.9,0,5.8,0.8c1.3,0.5,2.4,1.2,3.1,2.6c0.7,1.6,0.3,2.9-0.6,4.1  c-1.5,2-3.7,3.1-5.9,4c-4.3,1.7-8.9,2.1-13.5,1.7C144.6,140.8,144.2,140.8,143.6,140.7z%\r\nst38%M133.4,137.1c-0.4,0.4-0.3,1-0.5,1.6c-0.2,0.3-0.4,0.5-0.6,0.8c-0.6,1-1.4,1.6-2.5,1.8  c-0.5,0.1-0.9,0.2-1.4,0.3c-0.9,0.2-0.9,0.2-0.5,1.1c-0.2-0.1-0.4-0.6-0.6-0.1c0-0.8-0.4-0.8-1-0.6c-0.6,0.2-1.2,0.3-1.9,0.2  c-0.7-0.1-1.2-0.3-1.7-0.9c-0.2-0.2-0.5-0.7-0.9-0.8c-0.3-0.3-0.4-0.8-0.9-0.9c0.2-0.3,0-0.6,0-0.9c-0.6-2.9-1.2-5.9-1.8-8.9  c-0.2-1-0.5-1.9-0.3-3c0.3-1.9,1.3-3,3-3.4c1.5-0.3,3-0.6,4.5-0.9c1.7-0.3,3.1,0.4,4.1,2c0.4,0.9,0.7,1.9,0.9,3  c0.6,3.1,1.2,6.2,1.8,9.4C133.1,137.1,133.2,137.1,133.4,137.1z%\r\n'),
(2,'Bowtie',3,'st6%M126.4,101.4l-3.5,5.1c-0.4,0.6-1.2,0.7-1.8,0.4c-1.9-0.9-4.2-1-6.3,0s-3.5,2.8-4,4.9c-0.2,0.7-0.7,1.2-1.5,1.2  l-6.2-0.5l-10.6-0.8c-1.9-0.1-3.2,1.8-2.4,3.5c5.7,4.7,9.1,11.7,9.2,19.2c0.8,1.7,3.2,1.9,4.3,0.3l6-8.8l3.5-5.1  c0.4-0.6,1.2-0.7,1.8-0.4c1.9,0.9,4.2,1,6.3,0s3.5-2.8,4-4.9c0.2-0.7,0.7-1.2,1.5-1.2l6.2,0.5l10.6,0.8c1.9,0.1,3.2-1.8,2.4-3.5  c-5.7-4.7-9.1-11.7-9.2-19.2c-0.8-1.7-3.2-1.9-4.3-0.3L126.4,101.4z%\r\n'),
(3,'Camera',3,'st14%M148.8,126l-53.3,3.6l2.1,31.5l53.3-3.6L148.8,126z%\r\nst15%M102,137l-6,0.4l1.1,15.8l6-0.4L102,137z%\r\nst16%M150.9,157.3l-53.3,3.6l0.5,7.8l53.3-3.6L150.9,157.3z%\r\nst17%M103.5,160.5l-6,0.4l0.5,7.8l6-0.4L103.5,160.5z%\r\nst16%M148.8,126l-53.3,3.6l0.5,7.8l53.3-3.6L148.8,126z%\r\nst18%M149.3,133.8l-6,0.4l1.1,15.8l6-0.4L149.3,133.8z%\r\nst19%M150.9,157.3l-6,0.4l0.5,7.8l6-0.4L150.9,157.3z%\r\nst20%M129.8,123.3c-4.8,0.3-11.1,0.8-16,1.1l-1.2,4c5.8-0.4,13.1-0.9,18.9-1.3L129.8,123.3z%\r\nst21%M106.9,126.1l-6.9,0.5l0.2,2.7l6.9-0.5L106.9,126.1z%\r\nst21%M143.9,123.6l-6.9,0.5l0.2,2.7l6.9-0.5L143.9,123.6z%\r\nst22%M103.6,126.3l-0.5,0l0.2,2.7l0.5,0L103.6,126.3z%\r\nst22%M101.3,126.5l-0.5,0l0.2,2.7l0.5,0L101.3,126.5z%\r\nst22%M102.4,126.4l-0.5,0l0.2,2.7l0.5,0L102.4,126.4z%\r\nst22%M104.8,126.2l-0.5,0l0.2,2.7l0.5,0L104.8,126.2z%\r\nst22%M106,126.2l-0.5,0l0.2,2.7l0.5,0L106,126.2z%\r\nst18%M143.4,134.2L102,137l0.1,0.8l41.4-2.8L143.4,134.2L143.4,134.2z%\r\nst23%M149.3,133.8l-6,0.4l0.1,0.8l6-0.4L149.3,133.8z%\r\nst14%M102,137l-6,0.4l0.1,0.8l6-0.4L102,137z%\r\nst18%M144.4,149.3L103,152l0.1,0.8l41.4-2.8L144.4,149.3L144.4,149.3z%\r\nst23%M150.3,148.9l-6,0.4l0.1,0.8l6-0.4L150.3,148.9z%\r\nst14%M103,152l-6,0.4l0.1,0.8l6-0.4L103,152z%\r\nst21%M124.2,157c7.4-0.6,13-7,12.4-14.5c-0.6-7.4-7-13-14.5-12.4s-13,7-12.4,14.5C110.3,152,116.8,157.6,124.2,157z  %\r\nst24%M133.7,142.9c-0.4-5.8-5.4-10.2-11.3-9.8c-5.8,0.4-10.2,5.4-9.8,11.3c0.4,5.8,5.4,10.2,11.3,9.8  C129.7,153.7,134.1,148.6,133.7,142.9z%\r\nst25%M118.7,141.5c2.3-2.7,3.9-5.7,4.6-8.4c-0.2,0-0.5,0-0.8,0c-5.8,0.4-10.2,5.4-9.8,11.3c0,0.7,0.2,1.4,0.3,2.1  C115,145.1,116.9,143.5,118.7,141.5z%\r\nst26%M126.6,143.3c-0.1-1.9-1.8-3.4-3.7-3.2s-3.4,1.8-3.2,3.7s1.8,3.4,3.7,3.2C125.3,146.8,126.8,145.2,126.6,143.3  z%\r\nst27%M129.8,123.3l-5,0.3l1.8,3.8l4.9-0.3L129.8,123.3z%\r\nst28%M95,133.8l0.7,0l-0.1-1l-1.3,0.1c-0.4,0-0.7,0.4-0.7,0.8l0.2,2.3c0,0.4,0.4,0.8,0.8,0.7l1.3-0.1l-0.1-1l-0.7,0  c-0.2,0-0.3-0.2-0.3-0.3l-0.1-1.1C94.7,134,94.8,133.8,95,133.8z%\r\nst48%M44.6,111c0,0,33.8,20,52,23.7%\r\nst28%M149.9,132l-0.7,0l0.1,1l1.3-0.1c0.4,0,0.7-0.4,0.7-0.8l-0.2-2.3c0-0.4-0.4-0.8-0.8-0.7l-1.3,0.1l0.1,1l0.7,0  c0.2,0,0.3,0.2,0.3,0.3l0.1,1.1C150.3,131.8,150.1,132,149.9,132z%\r\nst48%M147.4,131.7c0,0,17.4-15.9,17.3-25.5%\r\nst17%M101.4,129.2l-6,0.4l0.5,7.8l6-0.4L101.4,129.2z%\r\nst19%M148.8,126l-6,0.4l0.5,7.8l6-0.4L148.8,126z%\r\n'),
(4,'GreenTie',3,'st40%M124.3,112.9c0,0,0.1,0.1,0.1,0.2c0.1,0.3,0.2,0.6,0.4,0.9c2,2.9,3.6,5.3,5.2,8.5c1.7,3.3,3.2,6.8,4.5,10.4  c2.5,7,5.5,13.8,7.5,21c0.7,2.5-1.1,5.3-2,7.5c-1.2,2.7-3.2,5.3-4.4,7.6c-0.2,0.3-0.3,0.4-0.6,0.1c-2.5-1.8-10.2-6-12.7-7.8  c-0.2-0.1-0.3-0.3-0.4-0.6c-1.2-5.8-1.6-12-2.2-17.9c-1.1-9.5-0.9-18.6,0.3-28.1c0-0.1,0.1-0.3,0-0.4c0-0.2,0-0.3,0.2-0.3  c0.6-0.1,1.3-0.2,1.9-0.3c0.6-0.2,1.1-0.4,1.7-0.7C123.9,113,124.1,112.8,124.3,112.9z%\r\nst39%M119.8,113.2c-0.1,0-0.1,0-0.2,0c-0.8-0.2-1.4-0.6-2-1.1c-0.8-0.6-1.5-1.3-2.2-2c-1.2-1.1-1.2-2.3-1-3.7  c0.1-0.3,0.3-0.4,0.4-0.5c3-1.5,6.1-2.3,9.4-2.4c0.8,0,1.2,0.2,1.6,0.9c0.6,0.9,0.7,1.8,0.4,2.8c-0.3,1-0.6,1.9-1,2.9  c-0.2,0.5-0.5,0.9-0.7,1.3c-0.2,0.3-0.5,0.8-0.8,1c-0.5,0.2-1,0.4-1.5,0.5c-0.4,0.1-0.8,0.2-1.2,0.3  C120.6,113.2,120.2,113.3,119.8,113.2z%\r\n'),
(5,'Scarf',3,'st47%M36.7,192.3l-7.2,13.1%\r\nst47%M24.7,187.9L17.5,201%\r\nst47%M46,196.5l-2.7,12.2%\r\nst47%M55.5,196.3l0.2,13.1%\r\nst3%M37.8,131.2c0,0,77.8,3.9,128.5-30.4c0,0,13.1-4,5.6,10.3c0,0,14.2-0.6,8,10c-6.2,10.6-37,47.5-141.9,38.4  c0,0-18-10.5-2.2-12.7C35.8,146.7,20.5,134.8,37.8,131.2z%\r\nst3%M45,154.9c0,0-24.3,16.2-25.8,33.7c0,0,27.1,13.2,40.5,6.4l6.4-36.9L45,154.9z%\r\n'),
(6,'Bowknot',5,'st35%M190.4,107.5c1.3-1.5,2.6-3,3.9-4.5c3.6-4.3,7.2-8.5,10.8-12.8c2.4-2.8,5.9-3.6,9.2-2.1c2.2,1,3.5,2.9,4.5,5.1  c2.3,5.2,4.7,10.3,7,15.5c0,0.1,0.1,0.2,0.1,0.3c-0.2,0.1-0.3,0-0.4-0.2c-1.1-1.4-2.6-1.7-4.1-1.9c-2.5-0.3-4.8,0.2-7.2,0.8  c-5.6,1.6-10.3,4.9-14.8,8.6c-1.1,0.9-2.2,1.8-3.3,2.8c-0.3,0.2-0.5,0.5-0.9,0.5c-0.4-0.1-0.5-0.5-0.6-0.8c-1-2.7-1.9-5.4-2.9-8.2  c-0.3-0.8-0.6-1.6-1-2.4C190.4,108.1,190.3,107.8,190.4,107.5z%\r\nst35%M152.7,135.2c-0.6-2.3-1.3-4.6-1.9-7c-0.9-3.6-1.9-7.1-2.8-10.7c-1.5-5.8,2.7-11.1,8.4-10.2  c4.7,0.8,9.3,1.7,14,2.6c2.9,0.5,5.7,1.1,8.6,1.7c0.1,0,0.2,0,0.2,0c0.1,0.1,0.2,0.2,0.3,0.3c0.8,3.6,2.4,7,3.5,10.5  c0.1,0.5,0.4,0.9,0.3,1.5c-0.3,0.4-0.7,0.3-1.2,0.3c-4.3-0.2-8.7-0.1-12.9,0.4c-4.5,0.6-8.7,2-12.5,4.6c-1.4,1-2.7,2.1-3.5,3.8  c-0.2,0.6-0.5,1.2-0.4,1.9C152.9,134.9,153,135.1,152.7,135.2z%\r\nst36%M205.8,121.7c0.7,0.9,1.5,1.6,2.3,2.4c5.1,5,10.2,10,15.3,15.1c0.2,0.2,0.4,0.5,0.7,0.7  c-0.3,0.3-0.6,0.1-0.9,0c-3.2-0.5-6.5-1-9.7-1.5c-0.6-0.1-0.8-0.1-0.6,0.7c0.8,3.5,1.5,7,2.3,10.5c0,0.2,0.1,0.4,0.1,0.6  c-0.3,0.1-0.4-0.1-0.5-0.2c-8-7.9-16-15.8-24.1-23.7c-0.1-0.1-0.2-0.2-0.3-0.3c-0.1-0.1-0.2-0.2-0.2-0.3c-0.6-0.5-0.5-0.7,0.1-1  c0.4-0.2,0.9-0.4,1.4-0.5c1.2-0.4,2.1-1,2.5-2.3c0.1-0.3,0.2-0.6,0.5-0.7c1.2,0.5,2.4,0.3,3.5,0.4c2.3,0.1,4.5,0.1,6.8,0  C205.4,121.5,205.7,121.5,205.8,121.7z%\r\nst36%M189.8,125.9c-0.3,3.1-0.6,6.2-1,9.3c-0.9,8.2-1.8,16.4-2.7,24.6c0,0.3-0.1,0.6-0.1,1.1  c-0.8-1.6-1.5-3-2.2-4.4c-1-2-2-4-3-6c-0.3-0.6-0.5-0.6-0.9-0.2c-2.2,2.5-4.4,4.9-6.6,7.3c-0.2,0.2-0.4,0.4-0.6,0.6  c-0.3-0.3-0.1-0.6-0.1-0.8c0.9-7.9,1.7-15.7,2.6-23.6c0-0.3,0.2-0.6,0-0.9c0-0.5,0.5-0.7,0.8-0.9c2.6-1.9,5.2-3.9,7.6-6.1  c0.4-0.4,0.6-0.7,0.5-1.3c0.5-0.2,0.9,0.2,1.2,0.4c0.9,0.8,1.8,0.6,2.7,0.4c0.3-0.1,0.7-0.2,1-0.3  C189.7,124.9,189.8,125,189.8,125.9z%\r\nst37%M184.1,124.6c0.4,0.5,0.4,0.8-0.1,1.2c-2.7,2.4-5.4,4.7-8.4,6.8c-0.2,0.1-0.3,0.3-0.4,0.4  c-2.9,1.9-5.8,3.7-9.1,4.7c-2.7,0.8-5.5,1.4-8.4,1.1c-1.2-0.1-2.3-0.4-3.3-1.2c-0.8-0.6-1.4-1.4-1.6-2.5c-0.3-2.8,1.4-4.4,3.1-5.9  c1.5-1.3,3.3-2.2,5.1-2.9c4.7-2.1,9.8-2.6,14.9-2.7c2.4-0.1,4.8,0,7.3,0.1C183.7,123.8,183.9,124,184.1,124.6z%\r\nst37%M205.8,121.7c-3.4,0.2-6.8,0.1-10.2,0c-0.4,0-0.7,0-0.8-0.5c-0.2-0.6-0.2-1.2,0.3-1.6  c3.8-3.4,7.7-6.6,12.1-9.2c2.9-1.7,6-2.8,9.3-3.4c1.9-0.3,3.9-0.5,5.9-0.1c1.4,0.3,2.6,0.8,3.4,2.1c0.9,1.4,0.7,2.9,0,4.2  c-1.2,2.2-3.2,3.6-5.3,4.8c-4,2.3-8.5,3.3-13.1,3.6C206.8,121.6,206.4,121.7,205.8,121.7z%\r\nst38%M195.2,119.6c-0.3,0.5-0.2,1.1-0.3,1.6c-0.2,0.3-0.3,0.6-0.5,0.9c-0.4,1.1-1.2,1.8-2.3,2.1  c-0.5,0.1-0.9,0.3-1.3,0.5c-0.9,0.3-0.9,0.3-0.4,1.1c-0.2-0.1-0.5-0.6-0.6,0c-0.1-0.8-0.5-0.7-1-0.5c-0.6,0.3-1.2,0.4-1.8,0.5  c-0.7,0-1.2-0.1-1.8-0.6c-0.3-0.2-0.6-0.6-1-0.6c-0.3-0.3-0.5-0.7-1-0.8c0.2-0.3-0.1-0.6-0.2-0.9c-1-2.8-2-5.7-3-8.5  c-0.3-0.9-0.7-1.9-0.7-2.9c0-1.9,0.8-3.2,2.5-3.8c1.4-0.5,2.9-1.1,4.4-1.6c1.7-0.6,3.1-0.1,4.3,1.4c0.5,0.9,1,1.8,1.3,2.8  c1,3,2.1,6,3.1,9C194.9,119.6,195,119.6,195.2,119.6z%\r\n'),
(7,'Bowtie',5,'st6%M183.1,107.9l-4.2,4.5c-0.5,0.5-1.3,0.6-1.9,0.1c-1.8-1.2-4-1.6-6.3-0.9c-2.2,0.7-3.8,2.3-4.7,4.3  c-0.3,0.7-0.9,1.1-1.6,0.9l-6.1-1.4l-10.4-2.4c-1.9-0.4-3.5,1.3-2.9,3.1c5,5.5,7.3,13,6.2,20.3c0.6,1.8,2.9,2.3,4.2,0.9l7.2-7.8  l4.2-4.5c0.5-0.5,1.3-0.6,1.9-0.1c1.8,1.2,4,1.6,6.3,0.9c2.2-0.7,3.8-2.3,4.7-4.3c0.3-0.7,0.9-1.1,1.6-0.9l6.1,1.4l10.4,2.4  c1.9,0.4,3.5-1.3,2.9-3.1c-5-5.5-7.3-13-6.2-20.3c-0.6-1.8-2.9-2.3-4.2-0.9L183.1,107.9z%\r\n'),
(8,'Camera',5,'st14%M213,110.1l-81.2,5.5l3.2,47.9l81.2-5.5L213,110.1z%\r\nst15%M141.7,126.9l-9.1,0.6l1.6,24l9.1-0.6L141.7,126.9z%\r\nst16%M216.3,157.7l-81.2,5.5l0.8,11.9l81.2-5.5L216.3,157.7z%\r\nst17%M144.2,162.6l-9.1,0.6l0.8,11.9l9.1-0.6L144.2,162.6z%\r\nst16%M213,110.1l-81.2,5.5l0.8,11.9l81.2-5.5L213,110.1z%\r\nst18%M213.8,122l-9.1,0.6l1.6,24l9.1-0.6L213.8,122z%\r\nst19%M216.3,157.7l-9.1,0.6l0.8,11.9l9.1-0.6L216.3,157.7z%\r\nst20%M184.2,106c-7.3,0.5-17,1.1-24.3,1.6l-1.9,6.1c8.9-0.6,20-1.3,28.8-1.9L184.2,106z%\r\nst21%M149.2,110.2l-10.4,0.7l0.3,4.2l10.4-0.7L149.2,110.2z%\r\nst21%M205.6,106.4l-10.4,0.7l0.3,4.2l10.4-0.7L205.6,106.4z%\r\nst22%M144.3,110.6l-0.8,0.1l0.3,4.2l0.8-0.1L144.3,110.6z%\r\nst22%M140.7,110.8l-0.8,0.1l0.3,4.2l0.8-0.1L140.7,110.8z%\r\nst22%M142.5,110.7l-0.8,0.1l0.3,4.2l0.8-0.1L142.5,110.7z%\r\nst22%M146.1,110.4l-0.8,0.1l0.3,4.2l0.8-0.1L146.1,110.4z%\r\nst22%M147.9,110.3l-0.8,0.1l0.3,4.2l0.8-0.1L147.9,110.3z%\r\nst18%M204.8,122.6l-63,4.3l0.1,1.2l62.9-4.2L204.8,122.6L204.8,122.6z%\r\nst23%M213.8,122l-9.1,0.6l0.1,1.2l9.1-0.6L213.8,122z%\r\nst14%M141.7,126.9l-9.1,0.6l0.1,1.2l9.1-0.6L141.7,126.9z%\r\nst18%M206.3,145.5l-63,4.3l0.1,1.2l62.9-4.2L206.3,145.5L206.3,145.5z%\r\nst23%M215.4,144.8l-9.1,0.6l0.1,1.2l9.1-0.6L215.4,144.8z%\r\nst14%M143.3,149.7l-9.1,0.6l0.1,1.2l9.1-0.6L143.3,149.7z%\r\nst21%M175.6,157.3c11.3-0.9,19.8-10.7,18.9-22c-0.9-11.3-10.7-19.8-22-18.9s-19.8,10.7-18.9,22  C154.5,149.7,164.4,158.1,175.6,157.3z%\r\nst24%M190.1,135.7c-0.6-8.8-8.2-15.6-17.1-15c-8.8,0.6-15.6,8.2-15,17.1c0.6,8.8,8.2,15.6,17.1,15  C184,152.2,190.7,144.5,190.1,135.7z%\r\nst25%M167.3,133.6c3.5-4.2,5.9-8.7,7-12.9c-0.4,0-0.8,0-1.3,0c-8.9,0.6-15.6,8.2-15,17.1c0.1,1.1,0.2,2.2,0.5,3.2  C161.5,139.2,164.6,136.7,167.3,133.6z%\r\nst26%M179.3,136.4c-0.2-2.9-2.7-5.1-5.6-4.9s-5.1,2.7-4.9,5.6s2.7,5.1,5.6,4.9C177.3,141.8,179.5,139.3,179.3,136.4  z%\r\nst27%M184.2,106l-7.6,0.5l2.7,5.8l7.5-0.5L184.2,106z%\r\nst28%M131.1,121.9l1.1-0.1l-0.1-1.5l-1.9,0.1c-0.6,0-1.1,0.6-1,1.3l0.2,3.5c0,0.6,0.5,1.1,1.2,1.1l1.9-0.1l-0.1-1.5  l-1.1,0.1c-0.3,0-0.5-0.2-0.5-0.5l-0.1-1.7C130.7,122.2,130.8,121.9,131.1,121.9z%\r\nst43%M54.5,87.2c0,0,51.5,30.4,79.2,36.1%\r\nst28%M214.8,119.2l-1.1,0.1l0.1,1.5l1.9-0.1c0.6,0,1.1-0.6,1-1.3l-0.2-3.5c0-0.6-0.5-1.1-1.2-1.1l-1.9,0.1l0.1,1.5  l1.1-0.1c0.3,0,0.5,0.2,0.5,0.5l0.1,1.7C215.3,118.9,215,119.2,214.8,119.2z%\r\nst43%M210.9,118.8c0,0,26.6-24.2,26.4-38.9%\r\nst17%M140.9,115l-9.1,0.6l0.8,11.9l9.1-0.6L140.9,115z%\r\nst19%M213,110.1l-9.1,0.6l0.8,11.9l9.1-0.6L213,110.1z%\r\n'),
(9,'GreenTie',5,'st40%M173.6,114.1c0.1,0,0.1,0.1,0.1,0.2c0.1,0.3,0.3,0.7,0.5,1c2.2,3.2,4,6,5.8,9.5c2,3.7,3.6,7.7,5,11.6  c2.8,7.8,6.2,15.5,8.4,23.5c0.8,2.8-1.2,6-2.3,8.4c-1.4,3-3.6,5.9-4.9,8.5c-0.2,0.4-0.3,0.4-0.6,0.2c-2.8-2-11.5-6.7-14.3-8.7  c-0.2-0.2-0.4-0.3-0.4-0.6c-1.3-6.5-1.7-13.4-2.5-20c-1.2-10.7-1.1-20.8,0.3-31.4c0-0.1,0.1-0.3,0.1-0.4c0-0.2,0-0.3,0.2-0.4  c0.7-0.1,1.4-0.2,2.1-0.4c0.6-0.2,1.3-0.4,1.9-0.7C173.2,114.1,173.4,114,173.6,114.1z%\r\nst39%M168.6,114.4c-0.1,0-0.2,0-0.2,0c-0.9-0.2-1.6-0.7-2.2-1.2c-0.9-0.7-1.6-1.5-2.5-2.3c-1.3-1.2-1.4-2.6-1.1-4.1  c0.1-0.4,0.3-0.4,0.5-0.5c3.3-1.6,6.8-2.6,10.6-2.7c0.9,0,1.3,0.3,1.8,1c0.7,1,0.8,2,0.4,3.1c-0.3,1.1-0.6,2.2-1.1,3.2  c-0.2,0.5-0.5,1-0.8,1.5c-0.2,0.4-0.5,0.9-0.9,1.1c-0.5,0.2-1.2,0.4-1.7,0.6c-0.5,0.1-0.9,0.2-1.4,0.3  C169.5,114.3,169,114.5,168.6,114.4z%\r\n'),
(10,'Scarf',5,'st41%M31.4,142.7L16.6,156%\r\nst41%M18.2,131.9L3.4,145.2%\r\nst41%M41.2,151.9l-8.7,14.1%\r\nst41%M53.3,155.9l-5.5,16.5%\r\nst3%M60.1,66.7c0,0,99.8,28.1,175.6-1.4c0,0,18.2-1.3,4.2,15c0,0,18.6,3.5,7.4,15.4c-11.2,11.9-62.1,50.6-195.4,7.7  c0,0-20.3-18.9,0.9-17.1C52.9,86.2,36.7,66.2,60.1,66.7z%\r\nst3%M52,103.3c0,0-31.5,5.7-41.1,27.1c0,0,28.3,28.4,48.1,25.8l24.1-43.7L52,103.3z%\r\n'),
(11,'Bowknot',4,'st35%M160.1,133.5c1.9-0.7,3.7-1.4,5.6-2.1c5.2-2,10.4-4,15.7-5.9c3.5-1.3,6.9-0.3,9,2.6c1.4,1.9,1.7,4.2,1.5,6.6  c-0.5,5.6-1,11.3-1.5,16.9c0,0.1-0.1,0.2-0.1,0.3c-0.2,0-0.3-0.2-0.3-0.4c-0.3-1.7-1.4-2.8-2.7-3.7c-2-1.4-4.3-2.2-6.7-2.8  c-5.7-1.4-11.4-0.7-17.1,0.3c-1.4,0.3-2.8,0.5-4.3,0.8c-0.3,0.1-0.7,0.2-1.1,0c-0.3-0.3-0.2-0.6-0.1-1c0.5-2.8,1-5.7,1.4-8.5  c0.1-0.8,0.3-1.7,0.3-2.6C159.8,134.1,159.9,133.8,160.1,133.5z%\r\nst35%M113.8,139.4c0.6-2.4,1.1-4.7,1.7-7c0.9-3.6,1.8-7.2,2.7-10.7c1.5-5.8,7.8-8.4,12.3-4.8  c3.7,2.9,7.3,6,10.9,9.1c2.2,1.9,4.5,3.8,6.7,5.7c0.1,0.1,0.2,0,0.2,0.1c0.1,0.1,0.1,0.3,0.1,0.4c-1,3.6-1.3,7.3-2,10.9  c-0.1,0.5-0.1,1-0.5,1.4c-0.5,0.2-0.8-0.1-1.2-0.3c-3.7-2.3-7.5-4.3-11.5-6c-4.2-1.7-8.6-2.5-13.1-2.1c-1.7,0.1-3.4,0.5-4.9,1.7  c-0.5,0.4-1,0.8-1.2,1.5C114.1,139.2,114,139.4,113.8,139.4z%\r\nst36%M166.7,153.4c0.1,1.1,0.5,2.2,0.9,3.2c2,6.9,4,13.7,6,20.6c0.1,0.3,0.2,0.6,0.2,0.9c-0.4,0.1-0.6-0.2-0.8-0.4  c-2.6-2-5.2-4-7.7-6c-0.5-0.3-0.7-0.4-0.9,0.3c-1,3.4-2.1,6.9-3.1,10.3c-0.1,0.2-0.1,0.4-0.2,0.6c-0.3,0-0.3-0.3-0.3-0.4  c-3.2-10.8-6.3-21.6-9.5-32.4c0-0.1-0.1-0.3-0.1-0.4c0-0.1,0-0.2-0.1-0.3c-0.3-0.7-0.1-0.8,0.5-0.8c0.5,0,1,0.1,1.5,0.2  c1.2,0.3,2.3,0.1,3.3-0.8c0.2-0.2,0.5-0.4,0.8-0.4c0.8,1,1.9,1.4,2.9,2c1.9,1.2,3.9,2.3,6,3.3C166.4,153,166.7,153.2,166.7,153.4z%\r\nst36%M150.7,149.3c-1.8,2.5-3.6,5.1-5.4,7.6c-4.8,6.7-9.6,13.4-14.3,20.1c-0.2,0.2-0.3,0.5-0.6,0.9  c0.1-1.8,0.1-3.3,0.2-4.9c0.1-2.2,0.2-4.5,0.3-6.7c0-0.6-0.1-0.8-0.7-0.6c-3.1,1.1-6.2,2.1-9.3,3.2c-0.3,0.1-0.5,0.2-0.8,0.3  c-0.1-0.4,0.2-0.5,0.3-0.7c4.6-6.5,9.2-12.9,13.7-19.3c0.2-0.3,0.5-0.5,0.4-0.8c0.3-0.5,0.7-0.4,1.1-0.4c3.2-0.4,6.4-0.9,9.6-1.7  c0.5-0.1,0.9-0.4,1.1-0.9c0.5,0.1,0.7,0.6,0.8,0.9c0.4,1.1,1.3,1.4,2.1,1.7c0.3,0.1,0.7,0.1,1.1,0.2  C151.1,148.4,151.1,148.5,150.7,149.3z%\r\nst37%M146.3,145.4c0.1,0.6-0.1,0.8-0.7,1c-3.5,0.8-7,1.5-10.6,1.8c-0.2,0-0.4,0.1-0.6,0.1  c-3.4,0.3-6.9,0.4-10.2-0.3c-2.8-0.6-5.5-1.4-7.9-3.1c-1-0.7-1.8-1.5-2.4-2.6c-0.4-0.9-0.6-1.9-0.2-2.9c1.1-2.6,3.3-3.1,5.6-3.6  c2-0.4,3.9-0.3,5.9-0.1c5.1,0.5,9.8,2.5,14.3,4.9c2.1,1.1,4.2,2.4,6.3,3.6C146.3,144.4,146.5,144.8,146.3,145.4z%\r\nst37%M166.7,153.4c-3-1.5-6-3.2-8.9-5c-0.3-0.2-0.6-0.3-0.4-0.8c0.1-0.7,0.4-1.1,1.1-1.3c5-1.1,10-2,15-2.1  c3.3-0.1,6.6,0.5,9.7,1.5c1.9,0.6,3.6,1.4,5.2,2.8c1,0.9,1.8,2,1.9,3.5c0.1,1.7-0.8,2.8-2.1,3.6c-2.2,1.4-4.5,1.5-6.9,1.6  c-4.7,0-9-1.3-13.2-3.2C167.6,153.9,167.2,153.7,166.7,153.4z%\r\nst38%M158.4,146.4c-0.5,0.3-0.7,0.9-1.1,1.3c-0.3,0.2-0.6,0.4-0.8,0.6c-0.9,0.8-1.9,1-3,0.8  c-0.5-0.1-0.9-0.2-1.4-0.2c-0.9-0.2-0.9-0.2-0.9,0.8c-0.2-0.2-0.1-0.7-0.6-0.3c0.3-0.8-0.1-0.9-0.7-0.9c-0.6,0-1.3-0.2-1.8-0.5  c-0.6-0.3-1-0.7-1.3-1.4c-0.1-0.3-0.3-0.8-0.6-1.1c-0.2-0.4-0.1-0.9-0.5-1.2c0.3-0.2,0.3-0.6,0.3-0.9c0.5-3,1-5.9,1.5-8.9  c0.2-1,0.3-2,0.8-2.9c0.9-1.6,2.3-2.4,4-2.1c1.5,0.2,3.1,0.5,4.6,0.8c1.7,0.3,2.7,1.4,3.1,3.3c0.1,1,0,2.1-0.2,3.1  c-0.6,3.1-1.1,6.3-1.7,9.4C158.2,146.3,158.3,146.3,158.4,146.4z%\r\n'),
(12,'Bowtie',4,'st6%M165.2,130.4l-5.9,1.8c-0.7,0.2-1.4-0.2-1.7-0.8c-1-1.9-2.7-3.4-5-3.9c-2.3-0.5-4.5,0.1-6.2,1.4  c-0.6,0.4-1.3,0.5-1.9,0l-4.6-4.2l-7.8-7.3c-1.4-1.3-3.7-0.6-4.1,1.3c1.5,7.3-0.2,14.8-4.8,20.7c-0.4,1.9,1.3,3.5,3.2,2.9l10.2-3.1  l5.9-1.8c0.7-0.2,1.4,0.2,1.7,0.8c1,1.9,2.7,3.4,5,3.9c2.3,0.5,4.5-0.1,6.2-1.4c0.6-0.4,1.3-0.5,1.9,0l4.6,4.2l7.8,7.3  c1.4,1.3,3.7,0.6,4.1-1.3c-1.5-7.3,0.2-14.8,4.8-20.7c0.4-1.9-1.3-3.5-3.2-2.9L165.2,130.4z%\r\n'),
(13,'Camera',4,'st14%M91.4,164.1l68.5,15.3l9-40.4l-68.5-15.3L91.4,164.1z%\r\nst15%M154.5,167.5l7.7,1.7l4.5-20.3l-7.7-1.7L154.5,167.5z%\r\nst16%M89.2,173.9l68.5,15.3l2.2-10l-68.5-15.3L89.2,173.9z%\r\nst17%M150,187.4l7.7,1.7l2.2-10l-7.7-1.7L150,187.4z%\r\nst16%M98.1,133.7l68.5,15.3l2.2-10l-68.5-15.3L98.1,133.7z%\r\nst18%M93.6,154l7.7,1.7l4.5-20.3l-7.7-1.7L93.6,154z%\r\nst19%M89.2,173.9l7.7,1.7l2.2-10l-7.7-1.7L89.2,173.9z%\r\nst20%M122.5,128.5c7.5,1.7,16.8,3.8,24.3,5.4l-0.8-5.5c-6.2-1.4-14.3-3.2-20.5-4.6L122.5,128.5z%\r\nst21%M154,135.6l8.8,2l0.8-3.5l-8.8-2L154,135.6z%\r\nst21%M106.4,125l8.8,2l0.8-3.5l-8.8-2L106.4,125z%\r\nst22%M158.1,136.6l0.7,0.2l0.8-3.5l-0.7-0.2L158.1,136.6z%\r\nst22%M161.2,137.2l0.7,0.2l0.8-3.5l-0.7-0.2L161.2,137.2z%\r\nst22%M159.7,136.9l0.7,0.2l0.8-3.5l-0.7-0.2L159.7,136.9z%\r\nst22%M156.6,136.2l0.7,0.2l0.8-3.5l-0.7-0.2L156.6,136.2z%\r\nst22%M155.1,135.9l0.7,0.2l0.8-3.5l-0.7-0.2L155.1,135.9z%\r\nst18%M105.9,135.4l-0.2,1l53.1,11.8l0.2-1L105.9,135.4L105.9,135.4z%\r\nst23%M97.9,134.7l7.7,1.7l0.2-1l-7.7-1.7L97.9,134.7z%\r\nst14%M158.8,148.3l7.7,1.7l0.2-1l-7.7-1.7L158.8,148.3z%\r\nst18%M101.6,154.7l-0.2,1l53.1,11.8l0.2-1L101.6,154.7L101.6,154.7z%\r\nst23%M93.6,154l7.7,1.7l0.2-1l-7.7-1.7L93.6,154z%\r\nst14%M154.5,167.5l7.7,1.7l0.2-1l-7.7-1.7L154.5,167.5z%\r\nst21%M147.4,155.5c2.2-9.5-3.7-19.1-13.3-21.3c-9.5-2.2-19.1,3.7-21.3,13.3c-2.2,9.5,3.7,19.1,13.3,21.3  C135.6,171,145.1,165.1,147.4,155.5z%\r\nst24%M127.1,165.1c7.5,1.7,14.9-3.1,16.6-10.5c1.7-7.5-3.1-14.9-10.5-16.6c-7.5-1.7-14.9,3.1-16.6,10.5  C115,155.9,119.6,163.4,127.1,165.1z%\r\nst25%M142.9,157.2c0.3-0.8,0.6-1.7,0.8-2.6c1.7-7.5-3-14.9-10.5-16.6c-0.4-0.1-0.8-0.1-1.1-0.2  c0.4,3.7,1.8,7.9,4.3,11.9C138.3,152.7,140.5,155.2,142.9,157.2z%\r\nst26%M129.2,156c2.4,0.5,4.9-1,5.4-3.4c0.5-2.4-1-4.9-3.4-5.4c-2.4-0.5-4.9,1-5.4,3.4  C125.2,153,126.7,155.3,129.2,156z%\r\nst27%M122.6,128.6l6.4,1.4l3-4.6l-6.4-1.4L122.6,128.6z%\r\nst28%M168.9,145.1l-0.3,1.5c-0.1,0.2-0.3,0.4-0.5,0.4l-0.9-0.2l-0.3,1.2l1.6,0.4c0.5,0.1,1-0.3,1.1-0.8l0.7-3  c0.1-0.5-0.2-1.1-0.7-1.2l-1.6-0.4l-0.3,1.3l0.9,0.2C168.9,144.5,169,144.8,168.9,145.1z%\r\nst29%M166.3,145.3c24.4-1.2,70.5-17.8,70.5-17.8%\r\nst28%M97.5,130.7l0.3-1.5c0.1-0.2,0.3-0.4,0.5-0.4l0.9,0.2l0.3-1.3l-1.6-0.4c-0.5-0.1-1,0.3-1.1,0.8l-0.7,3  c-0.1,0.5,0.2,1.1,0.7,1.2l1.6,0.4l0.3-1.3l-0.9-0.2C97.5,131.2,97.3,130.9,97.5,130.7z%\r\nst29%M83.5,92.4c-2.1,12.5,17.6,39,17.6,39%\r\nst17%M159,147.3l7.7,1.7l2.2-10l-7.7-1.7L159,147.3z%\r\nst19%M98.1,133.7l7.7,1.7l2.2-10l-7.7-1.7L98.1,133.7z%\r\n'),
(14,'GreenTie',4,'st40%M149.8,131.3c0.6,0.2,1.3,0.4,1.9,0.6c0.7,0.2,1.4,0.2,2.1,0.2c0.3,0,0.2,0.1,0.2,0.3c0,0.1,0.1,0.3,0.1,0.4  c2.1,10.5,3.1,20.6,2.7,31.3c-0.3,6.7-0.1,13.6-1,20.2c0,0.3-0.1,0.5-0.4,0.7c-2.6,2.2-11,7.5-13.6,9.7c-0.3,0.3-0.4,0.2-0.7-0.1  c-1.5-2.5-3.9-5.2-5.5-8.1c-1.3-2.3-3.5-5.4-2.9-8.2c1.6-8.2,4.4-16,6.6-24.1c1.1-4.1,2.4-8.1,4.1-12c1.6-3.7,3.1-6.5,5.1-9.9  c0.2-0.3,0.3-0.7,0.4-1c0-0.1,0.1-0.2,0.1-0.2C149.3,131.1,149.6,131.2,149.8,131.3z%\r\nst39%M152.9,131.1c-0.5,0-0.9-0.1-1.4-0.2c-0.6-0.1-1.2-0.3-1.7-0.4c-0.4-0.1-0.8-0.6-1-1c-0.3-0.5-0.6-0.9-0.9-1.4  c-0.5-1-1-2.1-1.3-3.1c-0.4-1.1-0.4-2,0.2-3.1c0.5-0.8,0.9-1.1,1.8-1.1c3.7-0.1,7.3,0.5,10.7,1.9c0.2,0.1,0.4,0.1,0.5,0.5  c0.4,1.5,0.4,2.9-0.8,4.2c-0.8,0.8-1.5,1.7-2.3,2.4c-0.6,0.6-1.3,1.1-2.1,1.4c-0.1,0-0.1,0-0.2,0.1  C153.8,131.3,153.3,131.2,152.9,131.1z%\r\n'),
(15,'Scarf',4,'st2%M66.7,122.4l-13.4,8.5%\r\nst2%M57.7,112.1l-13.4,8.5%\r\nst2%M73.2,131l-8.7,10%\r\nst2%M82.2,135.7L75.7,148%\r\nst3%M98.9,66c0,0,70.5,43.4,135.2,37.3c0,0,14.2,3,0,12.5c0,0,13.5,6.7,2.3,13.5c-11.2,6.7-58.8,25.3-151.8-36.8  c0,0-11.4-18.9,4.5-13C89.2,79.4,81.1,60.5,98.9,66z%\r\nst3%M93.5,91.8c0,0-31,2.6-41.3,18.2c0,0,18.5,26.2,34.5,26.7l24.8-31.2L93.5,91.8z%\r\n'),
(16,'Bowknot',1,'st35%M145.1,120.9c1.4-0.6,2.8-1.2,4.2-1.9c3.9-1.8,7.8-3.6,11.7-5.3c2.6-1.2,5.3-0.6,7.1,1.6  c1.2,1.4,1.5,3.1,1.5,5c-0.1,4.4-0.2,8.7-0.3,13.1c0,0.1,0,0.2,0,0.3c-0.2,0-0.2-0.1-0.2-0.3c-0.3-1.3-1.2-2.1-2.2-2.7  c-1.6-1-3.4-1.5-5.2-1.8c-4.4-0.8-8.8,0-13.1,1.1c-1.1,0.3-2.2,0.5-3.2,0.8c-0.3,0.1-0.5,0.2-0.8,0.1c-0.3-0.2-0.2-0.5-0.1-0.8  c0.2-2.2,0.5-4.4,0.7-6.6c0.1-0.7,0.2-1.3,0.1-2C145,121.3,145,121.1,145.1,120.9z%\r\nst35%M109.8,127.6c0.3-1.8,0.7-3.7,1-5.5c0.5-2.8,1.1-5.6,1.6-8.4c0.9-4.6,5.6-6.8,9.2-4.3c3,2.1,5.9,4.3,8.8,6.4  c1.8,1.3,3.6,2.7,5.4,4c0,0,0.1,0,0.2,0.1c0.1,0.1,0.1,0.2,0.1,0.3c-0.6,2.8-0.7,5.6-1,8.4c-0.1,0.4,0,0.8-0.3,1.1  c-0.4,0.2-0.6,0-0.9-0.2c-3-1.6-6-3-9.1-4c-3.3-1.1-6.7-1.5-10.2-1c-1.3,0.2-2.6,0.6-3.7,1.5c-0.4,0.3-0.7,0.7-0.9,1.2  C110.1,127.5,110,127.6,109.8,127.6z%\r\nst36%M151.2,135.8c0.1,0.9,0.5,1.6,0.8,2.4c1.9,5.2,3.7,10.3,5.6,15.5c0.1,0.2,0.2,0.5,0.2,0.7  c-0.3,0.1-0.5-0.1-0.6-0.3c-2.1-1.4-4.2-2.8-6.2-4.3c-0.4-0.2-0.5-0.3-0.7,0.3c-0.6,2.7-1.3,5.4-1.9,8c0,0.2-0.1,0.3-0.1,0.4  c-0.2,0-0.2-0.2-0.3-0.3c-2.9-8.1-5.9-16.3-8.9-24.4c0-0.1-0.1-0.2-0.1-0.3c0-0.1,0-0.2-0.1-0.3c-0.2-0.5-0.2-0.6,0.4-0.6  c0.4,0,0.8,0,1.1,0.1c0.9,0.1,1.8,0,2.5-0.7c0.2-0.2,0.4-0.3,0.6-0.3c0.7,0.7,1.5,1,2.3,1.4c1.5,0.8,3.1,1.5,4.7,2.2  C150.9,135.5,151.1,135.6,151.2,135.8z%\r\nst36%M138.7,133.4c-1.3,2-2.5,4.1-3.8,6.1c-3.3,5.4-6.7,10.8-10,16.1c-0.1,0.2-0.2,0.4-0.5,0.7  c0-1.4-0.1-2.6-0.1-3.8c0-1.7-0.1-3.4-0.1-5.2c0-0.5-0.1-0.6-0.6-0.4c-2.3,1-4.7,2-7,2.9c-0.2,0.1-0.4,0.1-0.6,0.2  c-0.1-0.3,0.1-0.4,0.2-0.6c3.2-5.2,6.4-10.3,9.6-15.5c0.1-0.2,0.3-0.4,0.3-0.7c0.2-0.4,0.6-0.3,0.8-0.4c2.5-0.4,4.9-1,7.3-1.8  c0.4-0.1,0.6-0.3,0.8-0.7c0.4,0,0.6,0.4,0.7,0.7c0.3,0.8,1,1,1.7,1.2c0.3,0.1,0.5,0.1,0.8,0.1C138.9,132.7,139,132.8,138.7,133.4z%\r\nst37%M135.1,130.7c0.1,0.5,0,0.6-0.5,0.8c-2.6,0.8-5.3,1.5-8.1,1.9c-0.1,0-0.3,0.1-0.4,0.1  c-2.6,0.4-5.2,0.7-7.9,0.3c-2.2-0.3-4.3-0.8-6.2-2c-0.8-0.5-1.5-1.1-1.9-1.9c-0.4-0.7-0.5-1.4-0.3-2.2c0.7-2.1,2.4-2.6,4.1-3  c1.5-0.4,3-0.4,4.5-0.4c4,0.1,7.6,1.5,11.2,3.1c1.7,0.8,3.3,1.6,5,2.5C135.1,129.9,135.2,130.2,135.1,130.7z%\r\nst37%M151.2,135.8c-2.4-1-4.8-2.2-7.1-3.4c-0.2-0.1-0.5-0.2-0.4-0.6c0.1-0.5,0.3-0.9,0.8-1c3.8-1.1,7.6-2,11.4-2.4  c2.6-0.2,5.1,0,7.6,0.7c1.5,0.4,2.9,0.9,4.1,1.9c0.8,0.7,1.5,1.4,1.7,2.6c0.1,1.3-0.5,2.2-1.4,2.9c-1.6,1.1-3.4,1.4-5.3,1.5  c-3.6,0.3-7-0.5-10.3-1.8C151.9,136.1,151.5,136,151.2,135.8z%\r\nst38%M144.5,130.8c-0.4,0.2-0.5,0.7-0.8,1c-0.2,0.2-0.4,0.3-0.6,0.5c-0.7,0.6-1.4,0.9-2.3,0.7  c-0.4-0.1-0.7-0.1-1.1-0.1c-0.7-0.1-0.7-0.1-0.6,0.7c-0.1-0.1-0.1-0.6-0.5-0.2c0.2-0.6-0.1-0.7-0.6-0.7c-0.5,0-1-0.1-1.4-0.3  c-0.5-0.2-0.8-0.5-1.1-1c-0.1-0.2-0.2-0.6-0.5-0.8c-0.1-0.3-0.1-0.7-0.4-0.9c0.2-0.2,0.2-0.5,0.2-0.7c0.2-2.3,0.5-4.6,0.7-6.9  c0.1-0.8,0.1-1.5,0.5-2.2c0.6-1.3,1.6-1.9,3-1.8c1.2,0.1,2.4,0.2,3.5,0.4c1.3,0.2,2.2,1,2.5,2.4c0.1,0.8,0.1,1.6,0,2.4  c-0.3,2.4-0.5,4.9-0.8,7.3C144.3,130.7,144.3,130.8,144.5,130.8z%\r\n'),
(17,'Bowtie',1,'st6%M158.2,115.4l-5,2.4c-0.6,0.3-1.2,0-1.6-0.5c-1.1-1.6-2.8-2.6-4.9-2.8c-2.1-0.2-3.9,0.6-5.3,2  c-0.5,0.5-1.1,0.6-1.7,0.2l-4.6-3.2l-7.8-5.4c-1.4-1-3.3,0-3.4,1.6c2.3,6.2,1.7,13.1-1.5,18.9c-0.1,1.7,1.6,2.9,3.2,2.2l8.6-4.1  l5-2.4c0.6-0.3,1.2,0,1.6,0.5c1.1,1.6,2.8,2.6,4.9,2.8c2.1,0.2,3.9-0.6,5.3-2c0.5-0.5,1.1-0.6,1.7-0.2l4.6,3.2l7.8,5.4  c1.4,1,3.3,0,3.4-1.6c-2.3-6.2-1.7-13.1,1.5-18.9c0.1-1.7-1.6-2.9-3.2-2.2L158.2,115.4z%\r\n'),
(18,'Camera',1,'st14%M117.1,149.1l53.3,3.6l-2.1,31.5l-53.3-3.6L117.1,149.1z%\r\nst15%M163.9,160.1l6,0.4l-1.1,15.8l-6-0.4L163.9,160.1z%\r\nst16%M115,180.4l53.3,3.6l-0.5,7.8l-53.3-3.6L115,180.4z%\r\nst17%M162.3,183.6l6,0.4l-0.5,7.8l-6-0.4L162.3,183.6z%\r\nst16%M117.1,149.1l53.3,3.6l-0.5,7.8l-53.3-3.6L117.1,149.1z%\r\nst18%M116.5,156.9l6,0.4l-1.1,15.8l-6-0.4L116.5,156.9z%\r\nst19%M115,180.4l6,0.4l-0.5,7.8l-6-0.4L115,180.4z%\r\nst20%M136.1,146.4c4.8,0.3,11.1,0.8,16,1.1l1.2,4c-5.8-0.4-13.1-0.9-18.9-1.3L136.1,146.4z%\r\nst21%M159,149.2l6.9,0.5l-0.2,2.7l-6.9-0.5L159,149.2z%\r\nst21%M122,146.7l6.9,0.5l-0.2,2.7l-6.9-0.5L122,146.7z%\r\nst22%M162.2,149.4l0.5,0l-0.2,2.7l-0.5,0L162.2,149.4z%\r\nst22%M164.6,149.5l0.5,0l-0.2,2.7l-0.5,0L164.6,149.5z%\r\nst22%M163.4,149.5l0.5,0l-0.2,2.7l-0.5,0L163.4,149.5z%\r\nst22%M161.1,149.3l0.5,0l-0.2,2.7l-0.5,0L161.1,149.3z%\r\nst22%M159.9,149.2l0.5,0l-0.2,2.7l-0.5,0L159.9,149.2z%\r\nst18%M122.5,157.3l41.4,2.8l-0.1,0.8l-41.4-2.8L122.5,157.3L122.5,157.3z%\r\nst23%M116.5,156.9l6,0.4l-0.1,0.8l-6-0.4L116.5,156.9z%\r\nst14%M163.9,160.1l6,0.4l-0.1,0.8l-6-0.4L163.9,160.1z%\r\nst18%M121.5,172.3l41.4,2.8l-0.1,0.8l-41.4-2.8L121.5,172.3L121.5,172.3z%\r\nst23%M115.5,171.9l6,0.4l-0.1,0.8l-6-0.4L115.5,171.9z%\r\nst14%M162.9,175.1l6,0.4l-0.1,0.8l-6-0.4L162.9,175.1z%\r\nst21%M141.7,180.1c-7.4-0.6-13-7-12.4-14.5c0.6-7.4,7-13,14.5-12.4c7.4,0.6,13,7,12.4,14.5  C155.5,175.1,149.1,180.6,141.7,180.1z%\r\nst24%M132.2,165.9c0.4-5.8,5.4-10.2,11.3-9.8c5.8,0.4,10.2,5.4,9.8,11.3c-0.4,5.8-5.4,10.2-11.3,9.8  C136.2,176.8,131.8,171.7,132.2,165.9z%\r\nst25%M147.2,164.5c-2.3-2.7-3.9-5.7-4.6-8.4c0.2,0,0.5,0,0.8,0c5.8,0.4,10.2,5.4,9.8,11.3c0,0.7-0.2,1.4-0.3,2.1  C150.9,168.2,148.9,166.6,147.2,164.5z%\r\nst26%M139.3,166.4c0.1-1.9,1.8-3.4,3.7-3.2c1.9,0.1,3.4,1.8,3.2,3.7c-0.1,1.9-1.8,3.4-3.7,3.2  C140.6,169.9,139.1,168.3,139.3,166.4z%\r\nst27%M136.1,146.4l5,0.3l-1.8,3.8l-4.9-0.3L136.1,146.4z%\r\nst28%M170.9,156.8l-0.7,0l0.1-1l1.3,0.1c0.4,0,0.7,0.4,0.7,0.8L172,159c0,0.4-0.4,0.8-0.8,0.7l-1.3-0.1l0.1-1l0.7,0  c0.2,0,0.3-0.2,0.3-0.3l0.1-1.1C171.2,157,171.1,156.9,170.9,156.8z%\r\nst48%M201,130.2c0,0-13.6,23.9-31.8,27.6%\r\nst28%M116,155.1l0.7,0l-0.1,1l-1.3-0.1c-0.4,0-0.7-0.4-0.7-0.8l0.2-2.3c0-0.4,0.4-0.8,0.8-0.7l1.3,0.1l-0.1,1  l-0.7,0c-0.2,0-0.3,0.2-0.3,0.3l-0.1,1.1C115.6,154.8,115.8,155,116,155.1z%\r\nst48%M118.5,154.8c0,0-6.8-15.2-6.7-24.9%\r\nst17%M164.4,152.3l6,0.4l-0.5,7.8l-6-0.4L164.4,152.3z%\r\nst19%M117.1,149.1l6,0.4l-0.5,7.8l-6-0.4L117.1,149.1z%\r\n'),
(19,'GreenTie',1,'st40%M147.3,128c0.6,0.1,1.3,0.2,2,0.3c0.7,0,1.4-0.1,2.2-0.1c0.3,0,0.3,0.1,0.3,0.3c0,0.1,0.1,0.3,0.1,0.4  c3.8,10,6.4,19.8,7.7,30.5c0.8,6.6,2.1,13.4,2.3,20.1c0,0.3-0.1,0.5-0.3,0.7c-2.2,2.6-9.6,9.2-11.8,11.8c-0.3,0.3-0.4,0.3-0.7,0  c-1.9-2.2-4.7-4.5-6.7-7.1c-1.6-2.1-4.3-4.7-4.2-7.6c0.3-8.3,1.8-16.5,2.6-24.8c0.4-4.2,1.1-8.4,2.1-12.5c1-3.9,2.1-7,3.4-10.6  c0.1-0.3,0.2-0.7,0.2-1.1c0-0.1,0-0.2,0.1-0.2C146.8,127.9,147.1,128,147.3,128z%\r\nst39%M150.3,127.4c-0.5,0-0.9,0.1-1.4,0c-0.6,0-1.2-0.1-1.8-0.2c-0.5-0.1-0.8-0.5-1.2-0.8c-0.4-0.4-0.8-0.8-1.1-1.3  c-0.7-0.9-1.3-1.9-1.8-2.9c-0.6-1-0.7-1.9-0.3-3.1c0.3-0.8,0.7-1.2,1.6-1.4c3.6-0.7,7.3-0.7,10.9,0.1c0.2,0.1,0.5,0,0.6,0.4  c0.6,1.5,0.9,2.8-0.1,4.3c-0.6,0.9-1.2,1.9-1.9,2.8c-0.5,0.7-1.1,1.3-1.9,1.7c-0.1,0-0.1,0.1-0.2,0.1  C151.3,127.3,150.8,127.3,150.3,127.4z%\r\n'),
(20,'Scarf',1,'st50%M99.7,151.3l-7,7.4%\r\nst50%M92.5,146.3l-7,7.4%\r\nst50%M105,155.7l-3.9,7.6%\r\nst50%M111.4,157.2l-2.2,8.7%\r\nst3%M111,111.1c0,0,50.7,16.1,90.1,2.3c0,0,9.3-0.3,1.9,7.8c0,0,9.5,2.1,3.5,8c-5.9,5.9-32.7,24.9-100.4,0.6  c0,0-10.1-10,0.8-8.8C107,121,99,110.5,111,111.1z%\r\nst3%M111.7,128.1c0,0-18.9,6.5-22.9,17.8c0,0,15.6,13.4,25.7,11.3l10.6-23.3L111.7,128.1z%\r\n'),
(21,'Bowknot',2,'st35%M138.6,130.5c1.3-0.7,2.7-1.4,4-2.2c3.8-2.1,7.5-4.1,11.3-6.2c2.5-1.4,5.2-1,7.2,1c1.3,1.3,1.7,3,1.8,4.9  c0.2,4.4,0.5,8.7,0.7,13.1c0,0.1,0,0.2,0,0.3c-0.2,0-0.2-0.1-0.3-0.2c-0.4-1.3-1.4-2-2.4-2.5c-1.7-0.9-3.5-1.2-5.4-1.4  c-4.5-0.4-8.8,0.7-13,2.1c-1.1,0.3-2.1,0.7-3.2,1.1c-0.3,0.1-0.5,0.2-0.8,0.1c-0.3-0.2-0.2-0.5-0.2-0.7c0.1-2.2,0.1-4.4,0.2-6.7  c0-0.7,0.1-1.3-0.1-2C138.5,130.9,138.4,130.7,138.6,130.5z%\r\nst35%M103.9,139.9c0.2-1.9,0.4-3.7,0.6-5.5c0.3-2.8,0.6-5.7,0.9-8.5c0.5-4.6,5.1-7.2,8.9-5c3.1,1.8,6.2,3.8,9.3,5.7  c1.9,1.2,3.8,2.4,5.7,3.6c0,0,0.1,0,0.2,0c0.1,0.1,0.1,0.2,0.1,0.3c-0.4,2.8-0.2,5.7-0.4,8.5c0,0.4,0,0.8-0.2,1.1  c-0.3,0.2-0.6,0-0.9-0.1c-3.1-1.3-6.2-2.5-9.4-3.3c-3.4-0.8-6.8-1-10.2-0.2c-1.3,0.3-2.6,0.7-3.5,1.8c-0.3,0.4-0.7,0.7-0.8,1.2  C104.2,139.7,104.1,139.9,103.9,139.9z%\r\nst36%M145.8,144.9c0.2,0.9,0.6,1.6,1,2.4c2.3,5,4.5,10,6.8,15c0.1,0.2,0.2,0.4,0.3,0.7c-0.3,0.1-0.5-0.1-0.6-0.2  c-2.2-1.3-4.4-2.5-6.5-3.8c-0.4-0.2-0.6-0.3-0.6,0.3c-0.4,2.7-0.9,5.4-1.3,8.2c0,0.2-0.1,0.3-0.1,0.4c-0.2,0-0.2-0.2-0.3-0.3  c-3.6-7.9-7.1-15.8-10.7-23.7c0-0.1-0.1-0.2-0.1-0.3c0-0.1-0.1-0.2-0.1-0.3c-0.3-0.5-0.2-0.6,0.3-0.7c0.4,0,0.8,0,1.1,0  c0.9,0.1,1.8-0.2,2.4-0.9c0.2-0.2,0.3-0.4,0.6-0.4c0.7,0.6,1.6,0.9,2.4,1.2c1.6,0.7,3.2,1.3,4.9,1.9  C145.5,144.6,145.7,144.7,145.8,144.9z%\r\nst36%M133.1,143.5c-1.1,2.1-2.2,4.3-3.3,6.4c-2.9,5.6-5.8,11.2-8.8,16.9c-0.1,0.2-0.2,0.4-0.4,0.7  c-0.2-1.4-0.3-2.6-0.4-3.8c-0.2-1.7-0.3-3.4-0.5-5.1c0-0.5-0.2-0.6-0.6-0.4c-2.3,1.2-4.5,2.3-6.8,3.4c-0.2,0.1-0.4,0.2-0.6,0.3  c-0.1-0.3,0.1-0.4,0.2-0.6c2.8-5.4,5.6-10.8,8.4-16.2c0.1-0.2,0.3-0.4,0.2-0.7c0.2-0.4,0.5-0.3,0.8-0.4c2.4-0.6,4.8-1.4,7.1-2.3  c0.4-0.1,0.6-0.4,0.7-0.8c0.4,0,0.6,0.4,0.7,0.6c0.4,0.8,1.1,0.9,1.8,1.1c0.3,0.1,0.6,0,0.8,0C133.3,142.7,133.4,142.8,133.1,143.5z  %\r\nst37%M129.3,141c0.2,0.4,0,0.6-0.4,0.8c-2.6,1-5.2,1.9-7.9,2.5c-0.1,0-0.3,0.1-0.4,0.1c-2.6,0.6-5.2,1.1-7.8,0.9  c-2.2-0.2-4.3-0.5-6.4-1.5c-0.8-0.4-1.6-0.9-2.1-1.8c-0.4-0.7-0.7-1.4-0.4-2.2c0.5-2.1,2.2-2.7,3.9-3.3c1.4-0.5,2.9-0.6,4.4-0.7  c4-0.2,7.7,0.9,11.5,2.2c1.7,0.6,3.5,1.4,5.2,2.1C129.3,140.2,129.4,140.5,129.3,141z%\r\nst37%M145.8,144.9c-2.5-0.8-4.9-1.8-7.3-2.8c-0.2-0.1-0.5-0.2-0.4-0.6c0-0.5,0.2-0.9,0.7-1.1  c3.7-1.4,7.4-2.6,11.2-3.2c2.5-0.4,5.1-0.3,7.6,0.1c1.5,0.3,2.9,0.7,4.2,1.6c0.9,0.6,1.6,1.3,1.9,2.5c0.2,1.3-0.3,2.2-1.2,3  c-1.5,1.3-3.3,1.7-5.1,1.9c-3.5,0.5-7,0-10.4-1C146.5,145.1,146.1,145,145.8,144.9z%\r\nst38%M138.7,140.4c-0.4,0.3-0.4,0.7-0.7,1.1c-0.2,0.2-0.4,0.3-0.6,0.5c-0.6,0.7-1.3,1-2.2,0.9c-0.4,0-0.7,0-1.1,0  c-0.7,0-0.7,0-0.6,0.7c-0.1-0.1-0.2-0.5-0.5-0.2c0.1-0.6-0.2-0.7-0.6-0.6c-0.5,0-1,0-1.4-0.2c-0.5-0.2-0.9-0.4-1.2-0.9  c-0.1-0.2-0.3-0.6-0.6-0.7c-0.2-0.3-0.2-0.7-0.5-0.8c0.2-0.2,0.1-0.5,0.1-0.7c0.1-2.3,0.1-4.6,0.2-7c0-0.8,0-1.5,0.3-2.3  c0.5-1.3,1.5-2,2.8-2c1.2,0,2.4,0,3.6,0.1c1.4,0.1,2.2,0.8,2.7,2.2c0.2,0.8,0.2,1.6,0.2,2.4c-0.1,2.5-0.2,4.9-0.3,7.3  C138.5,140.4,138.6,140.4,138.7,140.4z%\r\n'),
(22,'Bowtie',2,'st6%M141.5,130.8l-4.9,2.6c-0.6,0.3-1.2,0.1-1.6-0.4c-1.2-1.5-3-2.5-5-2.5c-2.1-0.1-3.9,0.8-5.1,2.3  c-0.4,0.5-1.1,0.7-1.6,0.3l-4.7-2.9l-8.1-5c-1.4-0.9-3.3,0.1-3.4,1.8c2.6,6.1,2.4,13-0.5,18.9c0,1.7,1.8,2.8,3.3,2l8.3-4.5l4.9-2.6  c0.6-0.3,1.2-0.1,1.6,0.4c1.2,1.5,3,2.5,5,2.5c2.1,0.1,3.9-0.8,5.1-2.3c0.4-0.5,1.1-0.7,1.6-0.3l4.7,2.9l8.1,5  c1.4,0.9,3.3-0.1,3.4-1.8c-2.6-6.1-2.4-13,0.5-18.9c0-1.7-1.8-2.8-3.3-2L141.5,130.8z%\r\n'),
(23,'Camera',2,'st14%M105.9,149.1l53.3,3.6l-2.1,31.5l-53.3-3.6L105.9,149.1z%\r\nst15%M152.7,160.1l6,0.4l-1.1,15.8l-6-0.4L152.7,160.1z%\r\nst16%M103.8,180.4l53.3,3.6l-0.5,7.8l-53.3-3.6L103.8,180.4z%\r\nst17%M151.1,183.6l6,0.4l-0.5,7.8l-6-0.4L151.1,183.6z%\r\nst16%M105.9,149.1l53.3,3.6l-0.5,7.8l-53.3-3.6L105.9,149.1z%\r\nst18%M105.4,156.9l6,0.4l-1.1,15.8l-6-0.4L105.4,156.9z%\r\nst19%M103.8,180.4l6,0.4l-0.5,7.8l-6-0.4L103.8,180.4z%\r\nst20%M124.9,146.4c4.8,0.3,11.1,0.8,16,1.1l1.2,4c-5.8-0.4-13.1-0.9-18.9-1.3L124.9,146.4z%\r\nst21%M147.8,149.2l6.9,0.5l-0.2,2.7l-6.9-0.5L147.8,149.2z%\r\nst21%M110.8,146.7l6.9,0.5l-0.2,2.7l-6.9-0.5L110.8,146.7z%\r\nst22%M151.1,149.4l0.5,0l-0.2,2.7l-0.5,0L151.1,149.4z%\r\nst22%M153.4,149.5l0.5,0l-0.2,2.7l-0.5,0L153.4,149.5z%\r\nst22%M152.2,149.5l0.5,0l-0.2,2.7l-0.5,0L152.2,149.5z%\r\nst22%M149.9,149.3l0.5,0l-0.2,2.7l-0.5,0L149.9,149.3z%\r\nst22%M148.7,149.2l0.5,0L149,152l-0.5,0L148.7,149.2z%\r\nst18%M111.3,157.3l41.4,2.8l-0.1,0.8l-41.4-2.8L111.3,157.3L111.3,157.3z%\r\nst23%M105.4,156.9l6,0.4l-0.1,0.8l-6-0.4L105.4,156.9z%\r\nst14%M152.7,160.1l6,0.4l-0.1,0.8l-6-0.4L152.7,160.1z%\r\nst18%M110.3,172.3l41.4,2.8l-0.1,0.8l-41.4-2.8L110.3,172.3L110.3,172.3z%\r\nst23%M104.3,171.9l6,0.4l-0.1,0.8l-6-0.4L104.3,171.9z%\r\nst14%M151.7,175.1l6,0.4l-0.1,0.8l-6-0.4L151.7,175.1z%\r\nst21%M130.5,180.1c-7.4-0.6-13-7-12.4-14.5c0.6-7.4,7-13,14.5-12.4c7.4,0.6,13,7,12.4,14.5  C144.4,175.1,137.9,180.6,130.5,180.1z%\r\nst24%M121,165.9c0.4-5.8,5.4-10.2,11.3-9.8c5.8,0.4,10.2,5.4,9.8,11.3c-0.4,5.8-5.4,10.2-11.3,9.8  C125,176.8,120.6,171.7,121,165.9z%\r\nst25%M136,164.5c-2.3-2.7-3.9-5.7-4.6-8.4c0.2,0,0.5,0,0.8,0c5.8,0.4,10.2,5.4,9.8,11.3c0,0.7-0.2,1.4-0.3,2.1  C139.7,168.2,137.7,166.6,136,164.5z%\r\nst26%M128.1,166.4c0.1-1.9,1.8-3.4,3.7-3.2c1.9,0.1,3.4,1.8,3.2,3.7c-0.1,1.9-1.8,3.4-3.7,3.2  C129.4,169.9,127.9,168.3,128.1,166.4z%\r\nst27%M124.9,146.4l5,0.3l-1.8,3.8l-4.9-0.3L124.9,146.4z%\r\nst28%M159.7,156.8l-0.7,0l0.1-1l1.3,0.1c0.4,0,0.7,0.4,0.7,0.8l-0.2,2.3c0,0.4-0.4,0.8-0.8,0.7l-1.3-0.1l0.1-1  l0.7,0c0.2,0,0.3-0.2,0.3-0.3l0.1-1.1C160,157,159.9,156.9,159.7,156.8z%\r\nst48%M198.1,139.5c0,0-21.9,14.5-40.1,18.3%\r\nst28%M104.8,155.1l0.7,0l-0.1,1l-1.3-0.1c-0.4,0-0.7-0.4-0.7-0.8l0.2-2.3c0-0.4,0.4-0.8,0.8-0.7l1.3,0.1l-0.1,1  l-0.7,0c-0.2,0-0.3,0.2-0.3,0.3l-0.1,1.1C104.4,154.8,104.6,155,104.8,155.1z%\r\nst48%M107.3,154.8c0,0-11.2-20.9-11.1-30.6%\r\nst17%M153.3,152.3l6,0.4l-0.5,7.8l-6-0.4L153.3,152.3z%\r\nst19%M105.9,149.1l6,0.4l-0.5,7.8l-6-0.4L105.9,149.1z%\r\n'),
(24,'GreenTie',2,'st40%M127.9,131c0.6,0.1,1.3,0.2,2,0.3c0.7,0,1.4-0.1,2.2-0.1c0.3,0,0.3,0.1,0.3,0.3c0,0.1,0.1,0.3,0.1,0.4  c3.8,10,6.4,19.8,7.7,30.5c0.8,6.6,2.1,13.4,2.3,20.1c0,0.3-0.1,0.5-0.3,0.7c-2.2,2.6-9.6,9.2-11.8,11.8c-0.3,0.3-0.4,0.3-0.7,0  c-1.9-2.2-4.7-4.5-6.7-7.1c-1.6-2.1-4.3-4.7-4.2-7.6c0.3-8.3,1.8-16.5,2.6-24.8c0.4-4.2,1.1-8.4,2.1-12.5c1-3.9,2.1-7,3.4-10.6  c0.1-0.3,0.2-0.7,0.2-1.1c0-0.1,0-0.2,0.1-0.2C127.5,130.9,127.7,131,127.9,131z%\r\nst39%M131,130.4c-0.5,0-0.9,0.1-1.4,0c-0.6,0-1.2-0.1-1.8-0.2c-0.5-0.1-0.8-0.5-1.2-0.8c-0.4-0.4-0.8-0.8-1.1-1.3  c-0.7-0.9-1.3-1.9-1.8-2.9c-0.6-1-0.7-1.9-0.3-3.1c0.3-0.8,0.7-1.2,1.6-1.4c3.6-0.7,7.3-0.7,10.9,0.1c0.2,0.1,0.5,0,0.6,0.4  c0.6,1.5,0.9,2.8-0.1,4.3c-0.6,0.9-1.2,1.9-1.9,2.8c-0.5,0.7-1.1,1.3-1.9,1.7c-0.1,0-0.1,0.1-0.2,0.1  C131.9,130.3,131.4,130.3,131,130.4z%\r\n'),
(25,'Scarf',2,'st49%M84.7,164.1l-7.8,8.2%\r\nst49%M76.7,158.6l-7.8,8.2%\r\nst49%M90.7,169l-4.3,8.4%\r\nst49%M97.7,170.7l-2.4,9.6%\r\nst3%M97.3,119.4c0,0,56.4,17.9,100.3,2.6c0,0,10.4-0.4,2.1,8.7c0,0,10.6,2.3,3.9,8.9c-6.6,6.6-36.4,27.7-111.7,0.7  c0,0-11.2-11.2,0.8-9.8C92.9,130.5,84,118.7,97.3,119.4z%\r\nst3%M98,138.3c0,0-21,7.2-25.5,19.8c0,0,17.4,15,28.5,12.6l11.8-25.9L98,138.3z%\r\n');

UNLOCK TABLES;

/*Table structure for table `avatar_hat` */

DROP TABLE IF EXISTS `avatar_hat`;

CREATE TABLE `avatar_hat` (
  `id` int NOT NULL AUTO_INCREMENT,
  `name` varchar(64) DEFAULT NULL,
  `type` int NOT NULL,
  `path_label` mediumtext,
  PRIMARY KEY (`id`),
  KEY `type` (`type`),
  CONSTRAINT `avatar_hat_ibfk_1` FOREIGN KEY (`type`) REFERENCES `body_type` (`id`)
) ENGINE=InnoDB AUTO_INCREMENT=26 DEFAULT CHARSET=utf8mb4 COLLATE=utf8mb4_0900_ai_ci;

/*Data for the table `avatar_hat` */

LOCK TABLES `avatar_hat` WRITE;

insert  into `avatar_hat` values 
(1,'Berets',3,'st0%M64.6,14.8c0,0-4.3-2.7-1.9-5.6c0,0,2.2-2.8,2.2-3.1c0,0,1.8-0.4,1.4,1.6c0,0-1.8,4.4,0.1,6.2L64.6,14.8z%\r\nst1%M97.4,10c-14.6-6.3-32.2,2.8-32.2,2.8s-18.3,7.8-22.7,23.1c0,0-1.7,5,2.1,7.6l8.3,5.2l23.8-11.2l23.8-11.2  l1.3-9.8C102.3,11.9,97.4,10,97.4,10z%\r\n'),
(2,'Fishermenhat',3,'st30%M89.1,14.1c-0.8,0.7-1.5,1.6-2.4,2.3c-5.2,4.3-11,7.7-17.5,9.8c-4,1.3-8.1,2.1-12.3,2.3  c-3.5,0.2-6.9,0-10.3-0.4c-0.8-0.1-1.6,0-2.3-0.2c0.3-1.3,0.6-2.7,0.9-4c0.7-4,2.2-7.8,4.6-11.3c2.5-3.7,5.8-6.8,10-8.8  c3.8-1.8,7.8-2.5,11.9-1.9c4.9,0.7,9.2,2.5,12.6,5.7c1.7,1.6,3.3,3.5,4.9,5.2c0.3,0.3,0.9,0.5,0.9,1.1  C89.7,13.7,89.4,13.8,89.1,14.1z%\r\nst31%M45,32c1.5,1.6,3.5,2.3,5.7,2.6c3.9,0.6,7.9,0.2,11.9-0.7c5-1.1,9.9-2.6,14.5-4.8c3-1.4,6-3,8.6-5  c2.1-1.6,3.9-3.4,5.3-5.6c0.6-0.8,0.8-1.6,0.1-2.4c-0.2-0.2-0.4-0.5-0.1-0.9c2.3,1.9,5,3.4,7.8,4.6c1,0.4,2.1,0.8,3,1.4  c-1.1,1.4-2.4,2.7-3.9,3.9c-5.8,4.8-12.3,8.6-19.2,11.6c-2,0.9-4.1,1.6-6.1,2.5c-3.1,1.3-6.3,2.2-9.6,2.9c-8.5,2-16.8,1.7-25,0  c-0.2-0.1-0.5-0.1-0.6-0.3c0.2-0.4,0.5-0.8,0.7-1.2c2.1-3,4.3-6,6.4-9C44.7,31.8,44.8,31.9,45,32z%\r\nst30%M104.3,22.7c0.2,0.2,0.4,0.3,0.1,0.6c-1.6,2.1-3,4.3-4.9,6.2c-5.3,5.4-11.7,9.6-18.7,12.7  c-2.8,1.2-5.6,2.3-8.5,3.3c-3.5,1.1-7,1.9-10.5,2.2c-6.8,0.6-13.3-0.3-19.5-2.3c-1.6-0.5-3.1-1-4.7-1.4c-0.8-0.2-1-0.6-0.6-1.4  c0.1-0.2,0.2-0.4,0.4-0.6c0.4,0,0.7,0.1,1.1,0.1c4,0.7,8,1.2,12.2,1.3c6.6,0.1,13.1-1.2,19.5-3.4c3.6-1.2,7.2-2.7,10.7-4.3  c2.6-1.3,5.2-2.5,7.7-4c4.7-2.8,9.1-5.8,12.7-9.8c0.2-0.2,0.4-0.4,0.7-0.5C102.7,21.6,103.6,22.1,104.3,22.7z%\r\nst32%M44.4,27.8c0.7-0.1,1.4,0,2.1,0c7.7,0.9,15.3,0.7,23-1.9c3.8-1.3,7.3-3,10.7-5.1c3.3-2,6.3-4.4,9-7.1  c0.4-0.4,0.6-0.4,0.9,0c0.3,0.5,0.6,1,0.8,1.5c0.2,0.4,0.3,0.8,0.6,1.2c0.4,0.6,0.3,1.1-0.1,1.8c-2,3-4.6,5.5-7.7,7.5  c-7,4.5-14.8,7.2-22.9,8.8c-3.4,0.7-6.9,1-10.2,0.4c-2.4-0.4-4.7-1.1-6.1-3.1C44.4,30.5,44.4,29.1,44.4,27.8z%\r\nst33%M67,20.5c1.3-0.5,2.7-0.1,3.1,1c0.4,1.1-0.1,2.3-1.2,2.8c-1.5,0.6-2.6,0.2-3.1-1C65.5,22.2,66,20.9,67,20.5z%\r\nst33%M75.8,21.8c-1.3,0.5-2.4,0.1-2.9-1C72.5,19.7,73,18.3,74,18c1.5-0.4,2.7-0.4,3.1,1  C77.6,20.2,77.1,21.2,75.8,21.8z%\r\nst34%M67.4,21c0.9-0.3,1.8,0,2.1,0.8c0.3,0.8-0.1,1.6-0.9,2c-0.9,0.3-1.7,0-2-0.8C66.2,22.1,66.6,21.3,67.4,21z%\r\nst34%M74.3,18.5c0.9-0.3,1.9,0,2.2,0.8c0.3,0.8-0.1,1.7-0.9,2c-0.8,0.3-1.7,0-2-0.8C73.2,19.6,73.6,18.8,74.3,18.5z  %\r\n'),
(3,'gentlemenhat',3,'st6%M102.6,24.3c-0.5-1.3-2.2-0.7-2.2-0.7L96,25.2l-5.3-13.8C88.9,6.7,85.5,8,85.5,8l-15.3,5.9l-15.3,5.9  c0,0-3.4,1.2-1.6,6l5.3,13.8l-4.3,1.7c0,0-1.7,0.7-1.2,2c0,0,0.3,1.2,2.2,0.4l23-8.8l23-8.8C103.2,25.3,102.6,24.3,102.6,24.3z%\r\n'),
(4,'GreeHat',3,'st39%M95.7,11.3c-2.7-3-11.7,0.5-12.8,3.5C81,20.1,59,36.6,48.5,32.9C37.1,40.4,41,45.2,41,45.2  c7.6,11.8,33.5-5.8,33.5-5.8C104.5,19.8,95.7,11.3,95.7,11.3z%\r\nst40%M80.4,13.2c-11.1-15.4-17-11.7-17-11.7c-3.2,0.7-4.6,5.2-4.6,5.2c-11.5,1.5-13.9,6.1-13.9,6.1  c-3.3,5.2,0.7,13.5,2.9,17.4C58.4,32.6,75.3,20.1,80.4,13.2z%\r\n'),
(5,'Orangehat',3,'st12%M102.4,19.6c0,0-1.7-4-7.8-2.3c-5.9,4.8-12.2,8.1-17.9,10.3c-3.7,1.4-7.1,2.4-10.1,3c-5,1.1-9.3,1.6-12.3,1.7  c-1.9,1.2-5.9,4.2-4.6,7.3c0,0,1.9,5.2,12.4,3.6c0,0,16.1-2.2,35.6-15C97.8,28.4,104.1,23.3,102.4,19.6z%\r\nst13%M93.4,15.1l-3.5-7.9c0,0-3.5-6.6-11.2-6c0,0-11.4,1.4-20.5,7c0,0-7.5,4.9-5.6,12.8l2.2,8.9  c2.9-0.2,6.8-0.6,11.3-1.6C73.5,26.5,84,22.9,93.4,15.1z%\r\n'),
(6,'Berets',5,'st0%M85.1,11.4c0,0-5.2-3.7-1.9-7.2c0,0,3-3.3,3-3.7c0,0,2.3-0.4,1.7,2.1c0,0-2.6,5.4-0.4,7.8L85.1,11.4z%\r\nst1%M126.9,8C109-1.1,86,8.9,86,8.9s-23.7,8.4-30.5,27.3c0,0-2.6,6.2,2,9.7l10.1,7.2l31-12.2l31-12.2l2.4-12.3  C133,10.8,126.9,8,126.9,8z%\r\n'),
(7,'Fishermenhat',5,'st30%M55.8,39.3c-0.5-0.4-0.3-1.1-0.4-1.6c-0.4-2.8-1-5.5-1.3-8.4c-0.5-5.5,0.8-10.8,3.8-15.9  c2.4-4.2,5.9-7.5,10.4-9.7c5-2.5,10.2-3.3,15.5-3c5.1,0.3,9.7,1.7,13.9,3.9c1.4,0.7,2.9,1.4,4.4,2.1c-0.2,0.9-0.9,1.5-1.4,2.3  c-2.1,3.5-4.4,6.8-7.1,10c-3.2,3.7-6.9,7-11,9.8c-6.7,4.5-14,7.5-21.8,9.2c-1.3,0.3-2.6,0.3-3.8,0.6C56.4,38.7,56.1,38.9,55.8,39.3z  %\r\nst31%M105.7,9.8c4.4,0.2,8.7,0.4,13.1,0.6c0.5,0,1.1,0.1,1.6,0.2c0,0.3-0.1,0.5-0.2,0.8  c-4.4,8.9-10.2,16.8-18.2,23.3c-3.1,2.5-6.2,4.8-9.7,6.8c-2.3,1.3-4.5,2.7-6.8,3.9c-7.9,4.3-16.1,7.6-24.8,9.5  c-2.1,0.5-4.3,0.8-6.4,0.8c0-1.3,0.5-2.6,0.8-3.8c0.9-3.6,1.4-7.1,1.4-10.7c0.5,0,0.6,0.4,0.7,0.8c0.3,1.2,1.2,1.6,2.4,1.7  c3,0.2,6-0.2,9-0.9c3.8-1,7.4-2.6,10.9-4.4c5.4-2.8,10.4-6.2,15-10.1c3.7-3.1,7-6.4,9.3-10.6c1.3-2.3,2.1-4.7,1.7-7.2  C105.6,10.2,105.6,10,105.7,9.8z%\r\nst30%M54.4,55.7c0.3-0.2,0.7-0.2,1-0.3c6.3-0.5,12.4-2.4,18.4-4.8c3.2-1.2,6.3-2.7,9.3-4.2c4.1-2,8-4.3,11.8-6.8  c6.6-4.3,12.5-9.5,17.3-15.7c3-3.9,5.4-8,7.6-12.3c0.2-0.4,0.5-0.7,0.7-1.1c0.3,0,0.6,0,0.8,0.1c1,0.2,1.2,0.7,0.8,1.6  c-0.7,1.8-1.4,3.6-2.1,5.5c-2.6,7.2-6.4,14-12,19.9c-2.9,3.1-6.1,5.8-9.7,8.2c-3,2-6,3.8-9.2,5.5c-8.1,4.3-16.6,7.2-25.5,8.2  c-3.1,0.4-6.2,0.1-9.3,0.1c-0.5,0-0.5-0.2-0.5-0.6C53.9,57.9,54,56.8,54.4,55.7z%\r\nst32%M105.7,9.8c0.8,2.8-0.2,5.4-1.6,8c-1.9,3.5-4.7,6.5-7.8,9.3C89,33.5,80.9,38.8,71.6,42  c-4.1,1.4-8.4,2.1-12.6,1.8c-0.9-0.1-1.5-0.4-1.8-1.2c-0.2-0.5-0.4-0.9-0.7-1.4c-0.3-0.6-0.5-1.3-0.8-1.9c-0.2-0.6,0-0.8,0.7-0.9  c4.5-0.5,8.9-1.6,13.2-3.2c4.4-1.6,8.6-3.7,12.5-6.3c8-5.2,13.8-12.2,18.5-20c0.4-0.7,0.9-1.4,1.5-2C103.3,7.8,104.6,8.8,105.7,9.8z  %\r\nst33%M82.2,23.6c0.8,1.4,0.4,2.7-1.3,3.6c-1.2,0.7-2.7,0.3-3.4-0.9c-0.7-1.2-0.1-2.9,1.4-3.7  C80,22,81.5,22.5,82.2,23.6z%\r\nst33%M70.1,31c-1-1.4-0.1-2.5,1.3-3.6c1-0.8,2.7-0.2,3.4,1c0.7,1.3,0.3,2.6-1.2,3.4C72.2,32.6,70.9,32.3,70.1,31z%\r\nst34%M81.5,24c0.5,0.9,0.2,1.9-0.7,2.5c-0.9,0.6-2,0.3-2.5-0.6c-0.5-0.9-0.1-2,0.8-2.6C79.9,22.8,81,23.1,81.5,24z%\r\nst34%M74.1,28.7c0.5,0.9,0.2,1.9-0.7,2.5c-0.9,0.5-2,0.3-2.5-0.6c-0.5-0.8-0.1-2,0.8-2.6  C72.5,27.5,73.5,27.8,74.1,28.7z%\r\n'),
(8,'gentlemenhat',5,'st6%M130.9,19.6c-1-1.6-3.2-0.5-3.2-0.5l-5.5,3.3L111.7,4.8c-3.6-6.1-7.9-3.4-7.9-3.4L84.2,13L64.7,24.7  c0,0-4.4,2.5-0.7,8.6l10.5,17.6l-5.5,3.3c0,0-2.1,1.4-1.1,3c0,0,0.6,1.5,3.1,0.1l29.3-17.5l29.3-17.5  C132,20.9,130.9,19.6,130.9,19.6z%\r\n'),
(9,'GreeHat',5,'st39%M124.6,12.1c-3.1-3.4-13.1,0.6-14.4,3.9C108,22,83.3,40.7,71.4,36.5c-12.9,8.5-8.5,13.9-8.5,13.9  c8.6,13.3,37.8-6.6,37.8-6.6C134.5,21.7,124.6,12.1,124.6,12.1z%\r\nst40%M107.4,14.2C94.9-3.1,88.2,1,88.2,1C84.5,1.8,83,6.9,83,6.9C70,8.6,67.3,13.8,67.3,13.8  c-3.7,5.9,0.8,15.2,3.3,19.6C82.6,36.2,101.6,22,107.4,14.2z%\r\n'),
(10,'Orangehat',5,'st12%M123.6,20c0,0-2.3-4.5-9.2-2.1c-6.5,6-13.5,10.2-19.9,13.2c-4.1,1.9-8,3.2-11.4,4.2c-5.7,1.6-10.6,2.5-14,2.9  c-2.1,1.5-6.5,5.3-4.7,8.8c0,0,2.6,5.8,14.6,3.3c0,0,18.4-3.7,40-19.9C118.9,30.6,125.8,24.2,123.6,20z%\r\nst13%M112.9,15.5l-4.7-8.8c0,0-4.5-7.3-13.4-6.1c0,0-13,2.5-23.1,9.6c0,0-8.3,6.2-5.5,15.1l3.2,10.1  c3.3-0.4,7.8-1.2,12.9-2.7C90.8,30.1,102.6,25.2,112.9,15.5z%\r\n'),
(11,'Berets',4,'st0%M185.7,8.5c0,0-2-5,1.9-6c0,0,3.6-1,3.8-1.3c0,0,1.8,0.8,0.3,2.3c0,0-4.3,2.7-3.8,5.4L185.7,8.5z%\r\nst1%M217.1,25c-8.7-14.6-29.6-17.9-29.6-17.9s-20.8-4.8-34.2,5.7c0,0-4.7,3.3-3,7.8l4,9.7l27.7,5.4l27.7,5.4  l7.3-7.7C220.2,29.8,217.1,25,217.1,25z%\r\n'),
(12,'Fishermenhat',4,'st30%M185.2,11.5c0.1-0.6,0.7-0.8,1.1-1.1c2.1-1.7,4-3.6,6.2-5.2c4.2-3.1,9.2-4.7,14.8-4.8c4.6-0.1,9,1.1,13.1,3.7  c4.5,2.8,7.8,6.7,10.1,11.2c2.3,4.3,3.4,8.8,3.7,13.3c0.1,1.5,0.3,3.1,0.5,4.6c-0.8,0.2-1.7,0-2.6,0c-3.9,0-7.8-0.2-11.7-0.9  c-4.6-0.8-9.1-2.2-13.5-4.2c-7.1-3.2-13.1-7.8-18.4-13.2c-0.9-0.9-1.6-1.9-2.4-2.9C186,11.7,185.7,11.5,185.2,11.5z%\r\nst31%M234.1,37.7c2,3.6,4,7.3,6,11c0.2,0.5,0.5,0.9,0.7,1.4c-0.2,0.2-0.5,0.2-0.7,0.2c-9.4,0.8-18.8,0-28.1-3.3  c-3.6-1.3-7.1-2.7-10.4-4.5c-2.2-1.2-4.4-2.3-6.6-3.6c-7.4-4.3-14.3-9.4-20.1-15.5c-1.4-1.5-2.8-3.1-3.8-4.9  c1.1-0.6,2.4-0.9,3.6-1.2c3.4-1,6.5-2.4,9.4-4.2c0.2,0.4,0,0.7-0.3,1c-0.8,0.8-0.7,1.7-0.2,2.8c1.4,2.6,3.1,4.9,5.3,6.9  c2.7,2.6,5.8,4.8,9,6.8c5,3.1,10.2,5.4,15.7,7.3c4.3,1.5,8.8,2.5,13.3,2.3c2.5-0.1,4.9-0.6,6.7-2.2  C233.7,37.7,233.9,37.6,234.1,37.7z%\r\nst30%M171.1,18.5c0.3,0.1,0.5,0.4,0.7,0.7c3.6,4.9,8.1,8.9,13,12.6c2.6,2,5.3,3.8,8.1,5.5c3.7,2.3,7.5,4.4,11.4,6.3  c6.8,3.3,14,5.5,21.4,6.3c4.7,0.5,9.3,0.5,13.8,0.1c0.4,0,0.8,0,1.2,0c0.1,0.2,0.2,0.5,0.3,0.7c0.4,0.9,0.1,1.3-0.9,1.5  c-1.9,0.3-3.7,0.7-5.5,1c-7.2,1.4-14.6,1.7-22.2,0.1c-4-0.8-7.8-2.1-11.5-3.8c-3.1-1.4-6.1-3-9.1-4.8c-7.5-4.5-14.1-9.9-19.4-16.7  c-1.9-2.4-3.1-5-4.7-7.6c-0.2-0.4,0-0.5,0.2-0.7C169,19.2,170,18.7,171.1,18.5z%\r\nst32%M234.1,37.7c-1.8,2-4.5,2.5-7.3,2.7c-3.8,0.2-7.7-0.6-11.4-1.8c-8.9-2.8-17.3-6.8-24.6-12.8  c-3.2-2.7-5.9-5.8-7.7-9.4c-0.4-0.8-0.4-1.4,0.1-2.1c0.3-0.4,0.5-0.8,0.8-1.2c0.4-0.5,0.8-1.1,1.1-1.6c0.4-0.4,0.6-0.4,1,0.1  c2.6,3.4,5.7,6.5,9.2,9.2c3.5,2.8,7.3,5.1,11.4,7.1c8.3,3.9,16.8,5.2,25.5,5.1c0.8,0,1.6,0,2.4,0.2  C234.6,34.7,234.3,36.2,234.1,37.7z%\r\nst33%M211.1,25.3c-0.7,1.3-2,1.6-3.6,0.7c-1.2-0.7-1.6-2.1-1-3.2c0.6-1.2,2.3-1.5,3.7-0.7  C211.3,22.7,211.7,24.1,211.1,25.3z%\r\nst33%M199.1,19.1c0.7-1.5,2-1.3,3.6-0.7c1.1,0.5,1.5,2.1,0.9,3.3c-0.7,1.2-2,1.5-3.4,0.7  C198.8,21.6,198.4,20.4,199.1,19.1z%\r\nst34%M210.5,24.9c-0.5,0.9-1.4,1.1-2.4,0.6c-0.9-0.5-1.2-1.5-0.8-2.3c0.5-0.8,1.6-1.1,2.5-0.6  C210.7,23,210.9,24,210.5,24.9z%\r\nst34%M203,21.1c-0.5,0.9-1.4,1.1-2.4,0.7c-0.9-0.5-1.3-1.5-0.8-2.3c0.4-0.8,1.6-1.1,2.5-0.6  C203.1,19.3,203.4,20.3,203,21.1z%\r\n'),
(13,'gentlemenhat',4,'st6%M223.5,45.4c0.5-1.8-1.9-2.7-1.9-2.7l-6.2-1.8l5.6-19.7c1.9-6.8-2.9-8.1-2.9-8.1l-21.9-6.2l-21.9-6.2  c0,0-4.8-1.5-6.8,5.4L162,25.7l-6.2-1.8c0,0-2.5-0.6-3,1.3c0,0-0.7,1.5,2,2.3l32.9,9.3l32.9,9.3C223.3,47,223.5,45.4,223.5,45.4z%\r\n'),
(14,'GreeHat',4,'st39%M229.6,44.6c0.3-5-10.6-9.7-14-8.1c-6.4,3-39.7-1.7-45.6-14c-16.4-3.3-17.2,4.1-17.2,4.1  c-3.6,16.8,34.1,24,34.1,24C229.8,59.7,229.6,44.6,229.6,44.6z%\r\nst40%M214.7,33.1c3.7-23-4.6-24.9-4.6-24.9c-3.4-2.2-8.5,0.5-8.5,0.5c-11.2-8.6-17.3-6.8-17.3-6.8  c-7.3,1.7-11.1,12.2-12.5,17.6C178.8,30.9,204.2,34.6,214.7,33.1z%\r\n'),
(15,'Orangehat',4,'st12%M228.2,44.2c0,0,1.7-4.7-4.7-7.8c-8.6-0.5-16.3-2.6-22.7-5.2c-4.1-1.6-7.7-3.5-10.7-5.2  c-5-2.9-8.9-5.8-11.5-7.9c-2.5-0.5-8.1-1-9.4,2.6c0,0-2.3,5.8,7.5,12.5c0,0,15,10.5,40.9,14.8C217.6,48,226.8,48.6,228.2,44.2z%\r\nst13%M224.2,33.6l3.1-9.2c0,0,2.1-8.1-4.7-13.5c0,0-10.5-7.5-22.3-9.8c0,0-9.9-1.7-14.4,6.3l-5,9  c2.5,2,6.1,4.6,10.6,7.3C199.1,27.9,210.4,32.9,224.2,33.6z%\r\n'),
(16,'Berets',1,'st0%M172.7,13.9c0,0-1.7-4.1,1.6-4.9c0,0,3-0.8,3.1-1c0,0,1.5,0.6,0.2,1.9c0,0-3.5,2.2-3.1,4.4L172.7,13.9z%\r\nst1%M198.3,27.5c-7.1-12-24.2-14.6-24.2-14.6s-17-3.9-27.9,4.6c0,0-3.8,2.7-2.4,6.4l3.2,7.9l22.6,4.4l22.6,4.4  l6-6.3C200.9,31.4,198.3,27.5,198.3,27.5z%\r\n'),
(17,'Fishermenhat',1,'st30%M157.8,16.8c0-0.5,0.5-0.7,0.8-1c1.5-1.6,3-3.3,4.7-4.8c3.2-2.9,7.2-4.6,11.8-5.2c3.8-0.5,7.5,0.2,11.1,2  c3.9,2,6.9,4.9,9.2,8.4c2.2,3.3,3.5,6.9,4.1,10.6c0.2,1.3,0.5,2.5,0.8,3.7c-0.7,0.3-1.4,0.1-2.1,0.2c-3.2,0.3-6.4,0.5-9.7,0.2  c-3.9-0.3-7.7-1-11.4-2.3c-6.1-2.1-11.4-5.3-16.2-9.4c-0.8-0.7-1.4-1.5-2.2-2.2C158.5,16.9,158.2,16.8,157.8,16.8z%\r\nst31%M200.2,34.3c2,2.8,3.9,5.7,5.9,8.5c0.2,0.4,0.5,0.7,0.7,1.1c-0.2,0.2-0.4,0.2-0.6,0.2  c-7.7,1.4-15.4,1.6-23.4-0.4c-3-0.8-6-1.6-8.9-2.9c-1.9-0.8-3.8-1.5-5.7-2.4c-6.5-2.9-12.5-6.5-17.8-11.1c-1.3-1.1-2.5-2.3-3.6-3.7  c0.8-0.6,1.9-0.9,2.8-1.3c2.7-1.1,5.2-2.5,7.4-4.2c0.2,0.3,0,0.6-0.2,0.8c-0.6,0.7-0.5,1.5,0.1,2.3c1.3,2,3,3.7,4.9,5.3  c2.4,1.9,5.1,3.5,8,4.8c4.3,2.1,8.9,3.6,13.5,4.7c3.7,0.9,7.4,1.4,11.1,0.8c2.1-0.3,4-0.9,5.4-2.4C199.9,34.4,200,34.3,200.2,34.3z%\r\nst30%M146.8,23.7c0.3,0.1,0.5,0.3,0.7,0.5c3.3,3.7,7.4,6.7,11.7,9.3c2.3,1.4,4.7,2.7,7.1,3.9c3.2,1.6,6.5,3,9.9,4.2  c5.9,2.1,11.9,3.4,18.1,3.4c3.9,0,7.6-0.4,11.4-1c0.3-0.1,0.7-0.1,1-0.1c0.1,0.2,0.2,0.4,0.3,0.6c0.4,0.7,0.2,1.1-0.6,1.3  c-1.5,0.4-3,0.9-4.4,1.3c-5.8,1.8-11.9,2.6-18.2,1.9c-3.3-0.4-6.6-1.1-9.8-2.2c-2.7-0.9-5.3-2-7.8-3.2c-6.5-3.1-12.4-7-17.3-12.2  c-1.7-1.8-3-3.9-4.5-5.8c-0.2-0.3-0.1-0.4,0.1-0.6C145.2,24.5,146,24,146.8,23.7z%\r\nst32%M200.2,34.3c-1.4,1.8-3.5,2.5-5.8,2.8c-3.1,0.5-6.3,0.2-9.5-0.5c-7.6-1.6-14.8-4.2-21.3-8.5  c-2.9-1.9-5.3-4.3-7.1-7.1c-0.4-0.6-0.4-1.2-0.1-1.7c0.2-0.3,0.4-0.7,0.6-1.1c0.3-0.5,0.5-0.9,0.8-1.4c0.3-0.4,0.5-0.4,0.9,0  c2.4,2.6,5.2,4.8,8.3,6.8c3.1,2,6.4,3.6,10,4.9c7.1,2.5,14.2,2.9,21.4,2.1c0.7-0.1,1.3-0.1,2,0C200.3,31.8,200.3,33.1,200.2,34.3z%\r\nst33%M180.3,26c-0.5,1.2-1.5,1.5-2.9,0.9c-1-0.4-1.5-1.6-1.1-2.6c0.4-1,1.8-1.4,3-0.9C180.3,23.8,180.7,25,180.3,26  z%\r\nst33%M169.9,21.9c0.4-1.3,1.6-1.3,2.9-0.9c1,0.3,1.4,1.6,1,2.6c-0.5,1.1-1.5,1.4-2.7,0.9  C169.9,24,169.5,23,169.9,21.9z%\r\nst34%M179.7,25.7c-0.3,0.7-1.1,1-1.9,0.7c-0.8-0.3-1.1-1.1-0.8-1.9c0.3-0.7,1.2-1,2-0.7  C179.7,24.2,180,25,179.7,25.7z%\r\nst34%M173.3,23.3c-0.3,0.7-1.1,1.1-1.9,0.7c-0.8-0.3-1.2-1.1-0.9-1.9c0.3-0.7,1.2-1,2-0.7  C173.2,21.7,173.6,22.5,173.3,23.3z%\r\n'),
(18,'gentlemenhat',1,'st6%M195.9,37.5c0.2-1.4-1.6-1.7-1.6-1.7l-4.6-0.7l2.3-14.6c0.8-5-2.8-5.6-2.8-5.6l-16.2-2.6l-16.2-2.6  c0,0-3.6-0.6-4.4,4.4l-2.3,14.6l-4.6-0.7c0,0-1.8-0.2-2,1.2c0,0-0.4,1.2,1.7,1.5l24.3,3.9l24.3,3.9  C195.9,38.7,195.9,37.5,195.9,37.5z%\r\n'),
(19,'GreeHat',1,'st39%M206.4,43.6c0.3-4.7-9.9-9-13.2-7.6c-6,2.8-37.2-1.6-42.7-13.2c-15.4-3.1-16.1,3.9-16.1,3.9  c-3.3,15.8,31.9,22.5,31.9,22.5C206.6,57.7,206.4,43.6,206.4,43.6z%\r\nst40%M192.5,32.8c3.4-21.5-4.4-23.3-4.4-23.3c-3.2-2.1-8,0.5-8,0.5c-10.5-8.1-16.2-6.4-16.2-6.4  c-6.9,1.6-10.4,11.5-11.8,16.5C158.8,30.7,182.7,34.3,192.5,32.8z%\r\n'),
(20,'Orangehat',1,'st12%M199.4,36.3c0,0,1-3.9-4.4-6c-7,0.2-13.4-0.9-18.8-2.4c-3.5-1-6.5-2.2-9.1-3.4c-4.3-2-7.7-4-9.9-5.6  c-2.1-0.2-6.7-0.2-7.4,2.8c0,0-1.5,4.9,7,9.6c0,0,13,7.3,34.3,8.9C191.1,40.2,198.6,40,199.4,36.3z%\r\nst13%M195.3,28.1l1.8-7.7c0,0,1.1-6.7-4.9-10.6c0,0-9.1-5.3-18.8-6.3c0,0-8.2-0.6-11.2,6.2l-3.3,7.7  c2.2,1.5,5.3,3.3,9.2,5.1C174.5,25.3,184.1,28.5,195.3,28.1z%\r\n'),
(21,'Berets',2,'st0%M161.3,8.2c0,0-1.9-4.7,1.8-5.6c0,0,3.4-0.9,3.6-1.2c0,0,1.7,0.7,0.2,2.1c0,0-4,2.5-3.6,5L161.3,8.2z%\r\nst1%M190.7,23.7C182.6,10,163,6.9,163,6.9s-19.4-4.4-31.9,5.3c0,0-4.4,3-2.8,7.3l3.7,9.1l25.9,5l25.9,5l6.8-7.2  C193.6,28.1,190.7,23.7,190.7,23.7z%\r\n'),
(22,'Fishermenhat',2,'st30%M140.8,15.6c0-0.6,0.6-0.8,0.9-1.2c1.7-1.9,3.4-3.9,5.3-5.7c3.6-3.5,8.2-5.6,13.6-6.4c4.4-0.7,8.8,0,13,1.9  c4.7,2.2,8.3,5.4,11.1,9.5c2.7,3.8,4.3,7.9,5.2,12.3c0.3,1.5,0.7,2.9,1,4.3c-0.8,0.3-1.6,0.2-2.5,0.3c-3.7,0.5-7.5,0.8-11.3,0.6  c-4.5-0.2-9-0.9-13.4-2.3c-7.1-2.2-13.5-5.8-19.2-10.4c-0.9-0.8-1.7-1.6-2.6-2.4C141.6,15.7,141.3,15.6,140.8,15.6z%\r\nst31%M190.8,34.6c2.4,3.2,4.7,6.5,7.1,9.7c0.3,0.4,0.6,0.8,0.8,1.3c-0.2,0.2-0.4,0.2-0.7,0.3  c-8.9,1.9-18,2.4-27.3,0.4c-3.6-0.8-7.1-1.7-10.5-3.1c-2.2-0.9-4.5-1.7-6.7-2.6c-7.6-3.2-14.8-7.2-21.1-12.4c-1.6-1.3-3-2.6-4.3-4.2  c1-0.7,2.1-1.1,3.3-1.6c3.1-1.4,6-3.1,8.5-5.2c0.3,0.4,0.1,0.7-0.1,1c-0.7,0.9-0.5,1.8,0.2,2.7c1.6,2.3,3.6,4.3,5.9,6  c2.9,2.2,6.1,3.9,9.4,5.4c5.1,2.3,10.4,3.9,15.9,5c4.3,0.9,8.7,1.4,13,0.6c2.4-0.4,4.6-1.2,6.2-3C190.4,34.7,190.6,34.6,190.8,34.6z  %\r\nst30%M128.2,24c0.3,0.1,0.6,0.3,0.8,0.6c4,4.3,8.9,7.5,14,10.5c2.7,1.6,5.6,3,8.4,4.3c3.8,1.8,7.7,3.3,11.7,4.6  c6.9,2.3,14,3.5,21.3,3.4c4.5-0.1,8.9-0.7,13.2-1.6c0.4-0.1,0.8-0.1,1.2-0.2c0.1,0.2,0.3,0.4,0.4,0.6c0.5,0.8,0.2,1.3-0.7,1.5  c-1.7,0.5-3.4,1.1-5.1,1.7c-6.7,2.3-13.7,3.4-21.2,2.8c-3.9-0.3-7.7-1-11.5-2.2c-3.2-1-6.2-2.1-9.3-3.4c-7.7-3.4-14.7-7.8-20.6-13.6  c-2.1-2.1-3.6-4.4-5.4-6.7c-0.3-0.3-0.1-0.5,0.1-0.7C126.3,25,127.2,24.4,128.2,24z%\r\nst32%M190.8,34.6c-1.5,2.2-4,3-6.6,3.5c-3.7,0.7-7.4,0.4-11.1-0.3c-8.9-1.6-17.4-4.4-25.1-9.2  c-3.4-2.2-6.4-4.8-8.5-8.1c-0.5-0.7-0.5-1.3-0.1-2c0.3-0.4,0.4-0.8,0.6-1.3c0.3-0.6,0.6-1.1,0.9-1.7c0.3-0.5,0.6-0.5,1,0  c2.9,3,6.3,5.5,9.9,7.6c3.7,2.2,7.6,4,11.8,5.3c8.4,2.7,16.7,2.9,25,1.8c0.8-0.1,1.5-0.2,2.3-0.1C190.9,31.7,190.8,33.2,190.8,34.6z  %\r\nst33%M167.3,25.6c-0.5,1.4-1.7,1.8-3.3,1.2c-1.2-0.5-1.8-1.8-1.3-3c0.5-1.2,2-1.7,3.4-1.1  C167.2,23.1,167.7,24.4,167.3,25.6z%\r\nst33%M155.1,21.2c0.4-1.5,1.8-1.5,3.4-1.1c1.1,0.3,1.7,1.8,1.3,3c-0.5,1.2-1.7,1.7-3.1,1.1  C155.1,23.6,154.6,22.5,155.1,21.2z%\r\nst34%M166.6,25.3c-0.3,0.9-1.2,1.2-2.2,0.9c-0.9-0.3-1.4-1.3-1-2.1c0.3-0.8,1.4-1.2,2.3-0.9  C166.6,23.5,167,24.4,166.6,25.3z%\r\nst34%M159,22.7c-0.3,0.9-1.2,1.3-2.2,0.9c-0.9-0.3-1.4-1.3-1.1-2.1c0.3-0.8,1.4-1.2,2.3-0.9  C158.9,20.9,159.3,21.8,159,22.7z%\r\n'),
(23,'gentlemenhat',2,'st6%M188,37.4c0.2-1.5-1.7-1.9-1.7-1.9l-4.9-0.8l2.5-15.7c0.9-5.4-3-6-3-6l-17.4-2.8l-17.4-2.8c0,0-3.8-0.7-4.7,4.7  L138.9,28l-4.9-0.8c0,0-1.9-0.2-2.2,1.3c0,0-0.4,1.2,1.8,1.6l26.1,4.2l26.1,4.2C188,38.7,188,37.4,188,37.4z%\r\n'),
(24,'GreeHat',2,'st39%M198.4,44.6c0.3-5-10.6-9.7-14-8.1c-6.4,3-39.7-1.7-45.6-14c-16.4-3.3-17.2,4.1-17.2,4.1  c-3.6,16.8,34.1,24,34.1,24C198.6,59.7,198.4,44.6,198.4,44.6z%\r\nst40%M183.6,33.1c3.7-23-4.6-24.9-4.6-24.9c-3.4-2.2-8.5,0.5-8.5,0.5c-11.2-8.6-17.3-6.8-17.3-6.8  c-7.3,1.7-11.1,12.2-12.5,17.6C147.6,30.9,173.1,34.6,183.6,33.1z%\r\n'),
(25,'Orangehat',2,'st12%M194.6,37.2c0,0,1.1-4.3-4.8-6.5c-7.6,0.3-14.6-1-20.5-2.7c-3.8-1.1-7.1-2.4-9.9-3.7  c-4.6-2.1-8.3-4.4-10.8-6.1c-2.3-0.2-7.3-0.2-8.1,3.1c0,0-1.6,5.3,7.7,10.4c0,0,14.2,8,37.4,9.7C185.6,41.4,193.7,41.2,194.6,37.2z%\r\nst13%M190.1,28.1l2-8.4c0,0,1.2-7.3-5.3-11.6c0,0-9.9-5.7-20.5-6.8c0,0-8.9-0.6-12.2,6.8l-3.6,8.4  c2.4,1.6,5.8,3.6,10,5.6C167.5,25.2,177.9,28.6,190.1,28.1z%\r\n');

UNLOCK TABLES;

/*Table structure for table `avatar` */

DROP TABLE IF EXISTS `avatar`;

CREATE TABLE `avatar` (
  `id` int NOT NULL AUTO_INCREMENT,
  `name` varchar(64) CHARACTER SET utf8mb4 COLLATE utf8mb4_unicode_ci NOT NULL,
  `avatar_hat_id` int DEFAULT NULL,
  `avatar_body_id` int NOT NULL,
  `avatar_clothes_id` int DEFAULT NULL,
  `image` mediumblob,
  `image_path` varchar(255) CHARACTER SET utf8mb4 COLLATE utf8mb4_unicode_ci DEFAULT NULL,
  `file_name` varchar(64) CHARACTER SET utf8mb4 COLLATE utf8mb4_unicode_ci DEFAULT NULL,
  `mime_type` varchar(64) CHARACTER SET utf8mb4 COLLATE utf8mb4_unicode_ci DEFAULT NULL,
  PRIMARY KEY (`id`),
  KEY `avatar_hat_id` (`avatar_hat_id`),
  KEY `avatar_body_id` (`avatar_body_id`),
  KEY `avatar_clothes_id` (`avatar_clothes_id`),
  CONSTRAINT `avatar_ibfk_1` FOREIGN KEY (`avatar_hat_id`) REFERENCES `avatar_hat` (`id`),
  CONSTRAINT `avatar_ibfk_2` FOREIGN KEY (`avatar_body_id`) REFERENCES `avatar_body` (`id`),
  CONSTRAINT `avatar_ibfk_3` FOREIGN KEY (`avatar_clothes_id`) REFERENCES `avatar_clothes` (`id`),
  CONSTRAINT `avatar_ibfk_4` FOREIGN KEY (`avatar_hat_id`) REFERENCES `avatar_hat` (`id`),
  CONSTRAINT `avatar_ibfk_5` FOREIGN KEY (`avatar_body_id`) REFERENCES `avatar_body` (`id`),
  CONSTRAINT `avatar_ibfk_6` FOREIGN KEY (`avatar_clothes_id`) REFERENCES `avatar_clothes` (`id`)
) ENGINE=InnoDB AUTO_INCREMENT=41 DEFAULT CHARSET=utf8mb4 COLLATE=utf8mb4_unicode_ci;

/*Data for the table `avatar` */

LOCK TABLES `Avatar` WRITE;
/*!40000 ALTER TABLE `Avatar` DISABLE KEYS */;
INSERT INTO `Avatar` VALUES 
(1,'dolor',12,12,13,NULL,'/images/Avatar/Avatar_1.svg','quis','application/vnd.dna'),
(2,'fugiat',1,1,1,NULL,'/images/Avatar/Avatar_2.svg','et','application/vnd.ms-powerpoint.presentation.macroenabled.12'),
(3,'nisi',1,1,1,NULL,'/images/Avatar/Avatar_3.svg','perspiciatis','image/g3fax'),
(4,'adipisci',1,1,1,NULL,'/images/Avatar/Avatar_4.svg','enim','image/vnd.dxf'),
(5,'praesentium',1,1,1,NULL,'/images/Avatar/Avatar_5.svg','laborum','application/vnd.immervision-ivp'),
(6,'et',1,1,1,NULL,'/images/Avatar/Avatar_1.svg','soluta','text/troff'),
(7,'et',1,1,1,NULL,'/images/Avatar/Avatar_2.svg','inventore','application/vnd.oasis.opendocument.image'),
(8,'aperiam',1,1,1,NULL,'/images/Avatar/Avatar_3.svg','quo','application/vnd.kde.kchart'),
(9,'numquam',1,1,1,NULL,'/images/Avatar/Avatar_4.svg','ut','application/x-mie'),
(10,'iusto',1,1,1,NULL,'/images/Avatar/Avatar_5.svg','rem','application/mp4'),
(11,'iste',1,1,1,NULL,'/images/Avatar/Avatar_1.svg','nam','video/h261'),
(12,'quis',1,1,1,NULL,'/images/Avatar/Avatar_2.svg','eius','application/vnd.ahead.space'),
(13,'cumque',1,1,1,NULL,'/images/Avatar/Avatar_3.svg','dicta','text/x-nfo'),
(14,'aut',1,1,1,NULL,'/images/Avatar/Avatar_4.svg','nobis','application/lost+xml'),
(15,'laboriosam',1,1,1,NULL,'/images/Avatar/Avatar_5.svg','quis','application/vnd.oasis.opendocument.text-master'),
(16,'quas',1,1,1,NULL,'/images/Avatar/Avatar_1.svg','vel','application/vnd.dece.ttml+xml'),
(17,'pariatur',1,1,1,NULL,'/images/Avatar/Avatar_2.svg','nemo','application/x-cpio'),
(18,'est',1,1,1,NULL,'/images/Avatar/Avatar_3.svg','dolore','application/x-ms-shortcut'),
(19,'eligendi',1,1,1,NULL,'/images/Avatar/Avatar_4.svg','praesentium','application/zip'),
(20,'consequatur',1,1,1,NULL,'/images/Avatar/Avatar_5.svg','debitis','application/vnd.ms-powerpoint.slideshow.macroenabled.12'),
(21,'dolor',1,1,1,NULL,'/images/Avatar/Avatar_1.svg','quis','application/vnd.dna'),
(22,'fugiat',1,1,1,NULL,'/images/Avatar/Avatar_2.svg','et','application/vnd.ms-powerpoint.presentation.macroenabled.12'),
(23,'nisi',1,1,1,NULL,'/images/Avatar/Avatar_3.svg','perspiciatis','image/g3fax'),
(24,'adipisci',1,1,1,NULL,'/images/Avatar/Avatar_4.svg','enim','image/vnd.dxf'),
(25,'praesentium',1,1,1,NULL,'/images/Avatar/Avatar_5.svg','laborum','application/vnd.immervision-ivp'),
(26,'et',1,1,1,NULL,'/images/Avatar/Avatar_1.svg','soluta','text/troff'),
(27,'et',1,1,1,NULL,'/images/Avatar/Avatar_2.svg','inventore','application/vnd.oasis.opendocument.image'),
(28,'aperiam',1,1,1,NULL,'/images/Avatar/Avatar_3.svg','quo','application/vnd.kde.kchart'),
(29,'numquam',1,1,1,NULL,'/images/Avatar/Avatar_4.svg','ut','application/x-mie'),
(30,'iusto',1,1,1,NULL,'/images/Avatar/Avatar_5.svg','rem','application/mp4'),
(31,'iste',1,1,1,NULL,'/images/Avatar/Avatar_1.svg','nam','video/h261'),
(32,'quis',1,1,1,NULL,'/images/Avatar/Avatar_2.svg','eius','application/vnd.ahead.space'),
(33,'cumque',1,1,1,NULL,'/images/Avatar/Avatar_3.svg','dicta','text/x-nfo'),
(34,'aut',1,1,1,NULL,'/images/Avatar/Avatar_4.svg','nobis','application/lost+xml'),
(35,'laboriosam',1,1,1,NULL,'/images/Avatar/Avatar_5.svg','quis','application/vnd.oasis.opendocument.text-master'),
(36,'quas',1,1,1,NULL,'/images/Avatar/Avatar_1.svg','vel','application/vnd.dece.ttml+xml'),
(37,'pariatur',1,1,1,NULL,'/images/Avatar/Avatar_2.svg','nemo','application/x-cpio'),
(38,'est',1,1,1,NULL,'/images/Avatar/Avatar_3.svg','dolore','application/x-ms-shortcut'),
(39,'eligendi',1,1,1,NULL,'/images/Avatar/Avatar_4.svg','praesentium','application/zip'),
(40,'consequatur',1,1,1,NULL,'/images/Avatar/Avatar_5.svg','debitis','application/vnd.ms-powerpoint.slideshow.macroenabled.12');

/*!40000 ALTER TABLE `Avatar` ENABLE KEYS */;
UNLOCK TABLES;

--
-- Table structure for table `Daily_Record`
--

DROP TABLE IF EXISTS `Daily_Record`;
/*!40101 SET @saved_cs_client     = @@character_set_client */;
/*!50503 SET character_set_client = utf8mb4 */;
CREATE TABLE `Daily_Record` (
  `id` int NOT NULL AUTO_INCREMENT,
  `user_id` int NOT NULL,
  `kcal_burned` int DEFAULT NULL,
  `kcal_intake` int DEFAULT NULL,
  `title` varchar(255) CHARACTER SET utf8mb4 COLLATE utf8mb4_unicode_ci DEFAULT NULL,
  `content` mediumtext CHARACTER SET utf8mb4 COLLATE utf8mb4_unicode_ci,
  `status` int DEFAULT NULL,
  `created_date` date NOT NULL,
  PRIMARY KEY (`id`),
  KEY `user_id` (`user_id`),
  CONSTRAINT `Daily_Record_ibfk_1` FOREIGN KEY (`user_id`) REFERENCES `Users` (`id`)
) ENGINE=InnoDB AUTO_INCREMENT=1 DEFAULT CHARSET=utf8mb4 COLLATE=utf8mb4_unicode_ci;
/*!40101 SET character_set_client = @saved_cs_client */;


--
-- Table structure for table `Fit_achieve`
--

DROP TABLE IF EXISTS `Fit_achieve`;
/*!40101 SET @saved_cs_client     = @@character_set_client */;
/*!50503 SET character_set_client = utf8mb4 */;
CREATE TABLE `Fit_achieve` (
  `id` int NOT NULL AUTO_INCREMENT,
  `daily_record_id` int DEFAULT NULL,
  `fit_activity_id` int NOT NULL,
  `number_groups` int NOT NULL,
  `total_kcal` int DEFAULT NULL,
  `execution_date` date DEFAULT NULL,
  `end_time` date DEFAULT NULL,
  `created_at` timestamp NOT NULL DEFAULT CURRENT_TIMESTAMP,
  `status` varchar(255) CHARACTER SET utf8mb4 COLLATE utf8mb4_unicode_ci DEFAULT NULL,
  PRIMARY KEY (`id`),
  KEY `daily_record_id` (`daily_record_id`),
  KEY `fit_activity_id` (`fit_activity_id`),
  CONSTRAINT `Fit_achieve_ibfk_1` FOREIGN KEY (`daily_record_id`) REFERENCES `Daily_Record` (`id`),
  CONSTRAINT `Fit_achieve_ibfk_2` FOREIGN KEY (`fit_activity_id`) REFERENCES `Fit_activity` (`id`)
) ENGINE=InnoDB AUTO_INCREMENT=501 DEFAULT CHARSET=utf8mb4 COLLATE=utf8mb4_unicode_ci;
/*!40101 SET character_set_client = @saved_cs_client */;


--
-- Table structure for table `Fit_activity`
--

DROP TABLE IF EXISTS `Fit_activity`;
/*!40101 SET @saved_cs_client     = @@character_set_client */;
/*!50503 SET character_set_client = utf8mb4 */;
CREATE TABLE `Fit_activity` (
  `id` int NOT NULL AUTO_INCREMENT,
  `name` varchar(64) CHARACTER SET utf8mb4 COLLATE utf8mb4_unicode_ci NOT NULL,
  `body_part` varchar(15) CHARACTER SET utf8mb4 COLLATE utf8mb4_unicode_ci NOT NULL,
  `description` text CHARACTER SET utf8mb4 COLLATE utf8mb4_unicode_ci,
  `kcal_burn` float NOT NULL,
  `image` mediumblob,
  `image_path` varchar(255) CHARACTER SET utf8mb4 COLLATE utf8mb4_unicode_ci DEFAULT NULL,
  `video_id` int NOT NULL,
  `time` time NOT NULL,
  `role` TINYINT DEFAULT NULL,
  PRIMARY KEY (`id`),
  KEY `video_id` (`video_id`),
  CONSTRAINT `Fit_activity_ibfk_1` FOREIGN KEY (`video_id`) REFERENCES `Fit_activity_video` (`id`)
) ENGINE=InnoDB AUTO_INCREMENT=21 DEFAULT CHARSET=utf8mb4 COLLATE=utf8mb4_unicode_ci;
/*!40101 SET character_set_client = @saved_cs_client */;

--
-- Dumping data for table `Fit_activity`
--

LOCK TABLES `Fit_activity` WRITE;
/*!40000 ALTER TABLE `Fit_activity` DISABLE KEYS */;
INSERT INTO `Fit_activity` VALUES 
(1,'10 min LISTT','Upper','Workout Structure<br>5 Exercises; 2 Rounds<br>40 Seconds On, 20 Off<br>Warm Up & Cool Down Not Included<br><br>Exercise Actions:<br>Curl to Overhead Press <br>Tricep Extension to Close Row <br>Chest Press <br>Reverse Fly <br>Lateral & Ventral Raises',90,NULL,'/images/Fit_activity/10_min_LISTT.svg',1,'00:10:00',0),
(2,'12 min LISTT','Upper','Workout Structure<br>Warm Up and Cool Down not included (make sure to do both)<br>Equipment: Dumbbells<br>Muscle Focus: Chest, Upper Back, Biceps, Triceps, Core<br><br>Exercise Actions:<br>Regular Push Up<br>Bent Over Wide Row<br>Wide Push Up<br>Reverse Fly<br>Narrow Push Up<br>Bent Over Close Row<br>',190,NULL,'/images/Fit_activity/12_min_LISTT.svg',2,'00:12:00',0),
(3,'16 min LISTT','Upper','Workout Structure:<br>3 Groups of 2 Exercises<br>2 Sets Each Exercise, in AB,AB Pattern<br>Intervals of 55 On and 20 Off<br><br>Exercise Actions:<br>Chest Fly<br>Bent Over Fly<br>Front Raise<br>Pullovers<br>Tricep Kickback<br>Hammer Curl<br>',210,NULL,'/images/Fit_activity/16_min_LISTT.svg',3,'00:16:00',1),
(4,'20 min ST','Upper','Workout Structure:<br>8 Exercises Total<br>Intervals of 45 On & 15 Off<br>2 Sets each in an AB, AB format<br><br>Exercise Actions:<br>Staggered Hand Push Up<br>Side Push Up<br>Single Leg Push Up<br>Pike Push Up<br>Tricep Push Up<br>Supine Push Up<br>Regular Push Up<br>Tricep Dip<br>',160,NULL,'/images/Fit_activity/20_min_ST.svg',4,'00:20:00',1),
(5,'10 min PT','Core','Workout Structure:<br>This workout uses a 50/10 split for active and rest intervals. <br><br>Exercise Actions:<br>Bent Leg Raise to Hydrant Lift<br>Clamshell to Extension <br>Supine Leg Lift + Reclined Crunch<br>Back Bow + Single Leg Prone Lifts <br>Prone Frogger Lift<br>Bridge: 3 Point Butterfly<br>Single Leg Drop + Leg Split & Crunch<br>',80,NULL,'/images/Fit_activity/10_min_PT.svg',5,'00:10:00',0),
(6,'10 min BLIT','Core','Workout Structure:<br>This workout will do each exercise for 50 seconds,with just a quick ten second <br><br>Exercise Actions:<br>Bicycle Crunch Leg Drops<br>Plank Tucks + Downward Dog Walk<br>Back Bow Toe Touches<br>Leg Pedals, alternating directions<br>Upward Facing Plank + Leg Lifts<br>2 Oblique Crunches + Bridge (arms up to further engage the core)<br>Single Leg Drops<br>Circle Crunches, alternating<br>Bicycle Crunches<br>Mini Scissors<br>',70,NULL,'/images/Fit_activity/10_min_BLIT.svg',6,'00:10:00',0),
(7,'12 min LISTT','Core','Workout Structure:<br>2 Groups of 5 Exercises<br>50 Sec Active 20 Sec Rest<br>One Set Per exercise<br><br>Exercise Actions:<br>Jackknife Getup<br>Back Bow Cross<br>Side Double Leg Raise<br>Windshield Wipers<br>Russian Twist<br>Swimmers<br>Side Hip Raise <br>Butterfly Cross Crunch<br>',120,NULL,'/images/Fit_activity/12_min_LISTT.svg',7,'00:12:00',1),
(8,'18 min CLIPT','Core','Workout Structure:<br>Intervals of 50 Seconds Active, 10 Seconds Rest<br><br>Exercise Actions:<br>Pull Down to Opposite Knee + Squat <br>Wood Choppers (half and half)<br>Opposite Toe Touch Squat<br>Standing Jackknife<br>Toe Touch Crunch + Leg Drop<br>Up And Over Back Bow<br>Side Leg Lift + Lift Back<br>Hydrant + Rear Leg Lift,Reverse Bicycle<br>Side Plank + Dip + Knee,Circle Crunch<br>Plank + Outside Tap + Center Tap <br>Reclined Oblique Crunch (Alternating)<br>Bird Dog Pulses <br>',170,NULL,'/images/Fit_activity/18_min_CLIPT.svg',8,'00:18:00',1),
(9,'10 min STE','Lower','Workout Structure:<br>Equipment: Optional resistance bands, ankle weights, dumbbells<br><br>Exercise Actions:<br>3 Side Steps + 3 Tap Backs<br>Clock Steps,Clock Repeater <br>Switch Sides<br>Reverse Lunge + Calf Raise<br>Curtsy Lunge + Side Raise<br>Squat Steps + Side Lunge<br>Runners,Switch Side<br>Squats<br>',110,NULL,'/images/Fit_activity/10_min_STE.svg',9,'00:10:00',0),
(10,'14 min LIPT','Lower','Workout Structure:<br>35 Seconds Active, 5 Seconds Transition <br>No equipment necessary<br><br>Exercise Actions:<br>Imprint<br>Side Leg Lift (L&R)<br>Up and Back Side Lift<br>Pulses,Clam Shell,Side Plank<br>Kneeling Leg Circles Top<br>Kneeling Leg Circles Bottom<br>Kneeling Curtsy Lift<br>Supine Raise (Alternating)<br>Full Body Stretch<br>',100,NULL,'/images/Fit_activity/14_min_LIPT.svg',10,'00:14:00',0),
(11,'16 min PSTT','Lower','Workout Structure:<br>50 Seconds on, 10 seconds rest<br>Equipment: Dumbbells (optional)<br><br>Exercise Actions:<br>Reverse Leg Lifts,Clam Shell<br>Inside Thigh Raises<br>Fire Hydrant<br>Water Break,Squats <br>Reverse Lunges<br>Assisted Pistol (staggered squat)<br>Deadlifts<br>Sumo Squat Jumps<br>Curtsy Lunge + Outside Thigh Raise<br>Dumbbell Swings,Bridge <br>',231,NULL,'/images/Fit_activity/16_min_PSTT.svg',11,'00:16:00',1),
(12,'20 min LIPT','Lower','Workout Structure:<br>45 Seconds Active, 15 Seconds Rest<br><br>Exercise Actions:<br>Monster Walk<br>Staggered Stance Deadlift<br>Good Morning to Squat,Clock Taps<br>Side Lying Leg Lift<br>Elevated Clamshell with Extension<br>Side Lying Sweeps ,Side Plank Dip<br>Repeat this sequence on both sides of the body<br>Bridge with Step Outs<br>Supine Lift + Hold<br>Up and Over Lifts + Knee to Elbow<br>Bridge + Butterfly,Froggers<br>',150,NULL,'/images/Fit_activity/20_min_LIPT.svg',12,'00:20:00',1),
(13,'10 min CHT','HIIT','Workout Structure:<br>5 Groups of two exercises done in a ABAB pattern<br><br>Exercise Actions:<br>Squats<br>Jumping Lunge<br>Side Leg Raise (L & R)<br>Star Jump<br>Sumo Squat<br>Side Lunge Pop<br>Front Leg Raise (L & R)<br>High Knees<br>Bridge (L & R)<br>Broad Jump<br>',110,NULL,'/images/Fit_activity/10_min_CHT.svg',13,'00:10:00',0),
(14,'16 min CHT','HIIT','Workout Structure:<br>20 On, 10 Off x 3 each<br><br>Exercise Actions:<br>Reverse Lunge Kickouts<br>4 Punches + Knee + Switch<br>Squat Pulses<br>Plank Get Ups<br>Pop Squats<br>Leg Drop Toe Touch<br>Squat + Side Leg Lift<br>Plank Hip Dips<br>2 Ski Squat + 2 Wide Squat Pulses<br>Single Leg Jackknife <br>',190,NULL,'/images/Fit_activity/16_min_CHT.svg',14,'00:16:00',0),
(15,'16 min CH','HIIT','Workout Structure:<br>5 Minute Cardio Warm Up<br>10 Minute HIIT Workout<br><br>Exercise Actions:<br>Boxer Shuffle,Butt Kicker Rows<br>High Knee March,Knee Pull Switches<br>Overhead to Crossover Toe Touch<br>Butt Kickers,Squats,Lunges<br>Side Lunges,Walkdowns<br>Front Kick Touchdowns<br>Jumping Jacks<br>',200,NULL,'/images/Fit_activity/16_min_CH.svg',15,'00:16:00',1),
(16,'20 min CHT','HIIT','Workout Structure:<br>Red Light Green Light HIIT Cardio Workout<br><br>Exercise Actions:<br>Jumping Jacks<br>High Knees<br>Flutterkick Squats<br>Lateral Hop Jumps<br>Squats + Kicks<br>Mountain Climbers<br>Lateral Jumps + Knees<br>Lateral Burpees<br>',260,NULL,'/images/Fit_activity/20_min_CHT.svg',16,'00:20:00',1);
/*!40000 ALTER TABLE `Fit_activity` ENABLE KEYS */;
UNLOCK TABLES;

--
-- Table structure for table `Fit_activity_video`
--

DROP TABLE IF EXISTS `Fit_activity_video`;
/*!40101 SET @saved_cs_client     = @@character_set_client */;
/*!50503 SET character_set_client = utf8mb4 */;
CREATE TABLE `Fit_activity_video` (
  `id` int NOT NULL AUTO_INCREMENT,
  `name` varchar(64) CHARACTER SET utf8mb4 COLLATE utf8mb4_unicode_ci NOT NULL,
  `video` longblob,
  `video_path` varchar(255) CHARACTER SET utf8mb4 COLLATE utf8mb4_unicode_ci DEFAULT NULL,
  `file_name` varchar(64) CHARACTER SET utf8mb4 COLLATE utf8mb4_unicode_ci DEFAULT NULL,
  `mime_type` varchar(64) CHARACTER SET utf8mb4 COLLATE utf8mb4_unicode_ci DEFAULT NULL,
  `time` time NOT NULL,
  PRIMARY KEY (`id`)
) ENGINE=InnoDB AUTO_INCREMENT=21 DEFAULT CHARSET=utf8mb4 COLLATE=utf8mb4_unicode_ci;
/*!40101 SET character_set_client = @saved_cs_client */;

--
-- Dumping data for table `Fit_activity_video`
--

LOCK TABLES `Fit_activity_video` WRITE;
/*!40000 ALTER TABLE `Fit_activity_video` DISABLE KEYS */;
INSERT INTO `Fit_activity_video` VALUES 
(1,'10 min LISTT',NULL,'/static/videos/Fit_activity/Upper/10_min_LISTT.mp4','10_min_LISTT','video/mp4','00:10:00'),
(2,'12 min LISTT',NULL,'/static/videos/Fit_activity/Upper/12_min_LISTT.mp4','12_min_LISTT','video/mp4','00:12:00'),
(3,'16 min LISTT',NULL,'/static/videos/Fit_activity/Upper/16_min_LISTT.mp4','16_min_LISTT','video/mp4','00:16:00'),
(4,'20 min ST',NULL,'/static/videos/Fit_activity/Upper/20_min_ST.mp4','20_min_ST','video/mp4','00:20:00'),
(5,'10 min PT',NULL,'/static/videos/Fit_activity/Core/10_min_PT.mp4','10_min_PT','video/mp4','00:10:00'),
(6,'10 min BLIT',NULL,'/static/videos/Fit_activity/Core/10_min_BLIT.mp4','10_min_BLIT','video/mp4','00:10:00'),
(7,'12 min LISTT',NULL,'/static/videos/Fit_activity/Core/12_min_LISTT.mp4','12_min_LISTT','video/mp4','00:12:00'),
(8,'18 min CLIPT',NULL,'/static/videos/Fit_activity/Core/18_min_CLIPT.mp4','18_min_CLIPT','video/mp4','00:18:00'),
(9,'10 min STE',NULL,'/static/videos/Fit_activity/Lower/10_min_STE.mp4','10_min_STE','video/mp4','00:10:00'),
(10,'14 min LIPT',NULL,'/static/videos/Fit_activity/Lower/14_min_LIPT.mp4','14_min_LIPT','video/mp4','00:14:00'),
(11,'16 min PSTT',NULL,'/static/videos/Fit_activity/Lower/16_min_PSTT.mp4','16_min_PSTT','video/mp4','00:16:00'),
(12,'20 min LIPT',NULL,'/static/videos/Fit_activity/Lower/20_min_LIPT.mp4','20_min_LIPT','video/mp4','00:20:00'),
(13,'10 min CHT',NULL,'/static/videos/Fit_activity/HIIT/10_min_CHT.mp4','10_min_CHT','video/mp4','00:10:00'),
(14,'16 min CHT',NULL,'/static/videos/Fit_activity/HIIT/16_min_CHT.mp4','16_min_CHT','video/mp4','00:16:00'),
(15,'16 min CH',NULL,'/static/videos/Fit_activity/HIIT/16_min_CH.mp4','16_min_CH','video/mp4','00:16:00'),
(16,'20 min CHT',NULL,'/static/videos/Fit_activity/HIIT/20_min_CHT.mp4','20_min_CHT','video/mp4','00:20:00');

/*!40000 ALTER TABLE `Fit_activity_video` ENABLE KEYS */;
UNLOCK TABLES;

--
-- Table structure for table `Food`
--

DROP TABLE IF EXISTS `Food`;
/*!40101 SET @saved_cs_client     = @@character_set_client */;
/*!50503 SET character_set_client = utf8mb4 */;
CREATE TABLE `Food` (
  `id` int NOT NULL AUTO_INCREMENT,
  `name` varchar(64) CHARACTER SET utf8mb4 COLLATE utf8mb4_unicode_ci NOT NULL,
  `type` varchar(64) CHARACTER SET utf8mb4 COLLATE utf8mb4_unicode_ci NOT NULL,
  `kcal` float NOT NULL,
  `serving` varchar(64),
  PRIMARY KEY (`id`)
) ENGINE=InnoDB AUTO_INCREMENT=26 DEFAULT CHARSET=utf8mb4 COLLATE=utf8mb4_unicode_ci;
/*!40101 SET character_set_client = @saved_cs_client */;

--
-- Dumping data for table `Food`
--

LOCK TABLES `Food` WRITE;
/*!40000 ALTER TABLE `Food` DISABLE KEYS */;
INSERT INTO food VALUES (1,'Beer','Alcohol',152,'1 can/bottle (354 ml)');
INSERT INTO food VALUES (2,'Beef','Beef',287,'6 oz. (168 g)');
INSERT INTO food VALUES (3,'Beef Fillet','Beef',318,'6 oz. (168 g)');
INSERT INTO food VALUES (4,'Roast Beef','Beef',638,'1 slice (341 g)');
INSERT INTO food VALUES (5,'Porterhouse Steak','Beef',790,'1 steak (320 g)');
INSERT INTO food VALUES (6,'Rib Eye Steak','Beef',610,'1 steak (281 g)');
INSERT INTO food VALUES (7,'Strip Steak','Beef',40,'3 slices (34 g)');
INSERT INTO food VALUES (8,'Stew Beef','Beef',867,'1 lb. (454 g)');
INSERT INTO food VALUES (9,'Birthday Cake','Cakes & Pies',395,'1 piece (85 g)');
INSERT INTO food VALUES (10,'Blueberry Pie','Cakes & Pies',290,'1 piece (125 g)');
INSERT INTO food VALUES (11,'Caramel Cake','Cakes & Pies',304,'1 slice (64 g)');
INSERT INTO food VALUES (12,'Cheesecake','Cakes & Pies',257,'1 piece (80 g)');
INSERT INTO food VALUES (13,'Chocolate Cake','Cakes & Pies',537,'1 piece (138 g)');
INSERT INTO food VALUES (14,'Chocolate Cream Pie','Cakes & Pies',301,'1 piece (99 g)');
INSERT INTO food VALUES (15,'Chocolate Mousse Cake','Cakes & Pies',247,'1 piece (95 g)');
INSERT INTO food VALUES (16,'Coffee Cake','Cakes & Pies',298,'1 piece (90 g)');
INSERT INTO food VALUES (17,'Cream Puff','Cakes & Pies',434,'1 cream puff (130 g)');
INSERT INTO food VALUES (18,'Cupcake','Cakes & Pies',131,'1 cupcake (43 g)');
INSERT INTO food VALUES (19,'Donut','Cakes & Pies',242,'1 donut (60 g)');
INSERT INTO food VALUES (20,'Fruit Cake','Cakes & Pies',139,'1 piece (43 g)');
INSERT INTO food VALUES (21,'Ice Cream Cake','Cakes & Pies',240,'1 piece (120 g)');
INSERT INTO food VALUES (22,'Chocolate','Candy & Sweets',37,'1 piece (7 g)');
INSERT INTO food VALUES (23,'Chocolate Bar','Candy & Sweets',240,'1 bar (45 g)');
INSERT INTO food VALUES (24,'Chocolate Chips','Candy & Sweets',69,'1 tbsp (14 g)');
INSERT INTO food VALUES (25,'Cookies','Candy & Sweets',78,'1 cookie (16 g)');
INSERT INTO food VALUES (26,'Cotton Candy','Candy & Sweets',90,'1/2 bag (14 g)');
INSERT INTO food VALUES (27,'Kit Kat','Candy & Sweets',234,'1 bar (45 g)');
INSERT INTO food VALUES (28,'Lollipop','Candy & Sweets',47,'1 lollipop (12 g)');
INSERT INTO food VALUES (29,'M&Ms','Candy & Sweets',67,'20 pieces (14 g)');
INSERT INTO food VALUES (30,'Marshmallows','Candy & Sweets',124,'5 pieces (39 g)');
INSERT INTO food VALUES (31,'Chicken Caesar Salad','Meals',392,'1 salad (309 g)');
INSERT INTO food VALUES (32,'Fried Rice','Meals',662,'1 serving (356 g)');
INSERT INTO food VALUES (33,'Ham and Cheese Sandwich','Meals',352,'1 sandwich (146 g)');
INSERT INTO food VALUES (34,'Macaroni and Cheese','Meals',699,'1 serving (189 g)');
INSERT INTO food VALUES (35,'Peking Duck','Meals',401,'1/2 duck (178 g)');
INSERT INTO food VALUES (36,'Pizza','Meals',272,'1 slice (102 g)');
INSERT INTO food VALUES (37,'Ramen','Meals',380,'1 package, dry (85 g)');
INSERT INTO food VALUES (38,'Spaghetti Bolognese','Meals',374,'1 serving (283 g)');
INSERT INTO food VALUES (39,'Dumplings','Meals',50,'1 dumpling (40 g)');
INSERT INTO food VALUES (40,'Pork Chop','Meals',194,'1 chop  (158 g)');
INSERT INTO food VALUES (41,'Pork Bacon','Meals',106,'1 slice (26 g)');
INSERT INTO food VALUES (42,'Pork Roast','Meals',510,'1 chop  (263 g)');
INSERT INTO food VALUES (43,'Pork Sausage','Meals',163,'1 sausage (48 g)');
INSERT INTO food VALUES (44,'Burger King Double Whopper','Fast Food',894,'1 burger (374 g)');
INSERT INTO food VALUES (45,'Cheeseburger','Fast Food',410,'1 burger (156 g)');
INSERT INTO food VALUES (46,'Chicken Nuggets','Fast Food',59,'1 piece (20 g)');
INSERT INTO food VALUES (47,'Chicken Wings','Fast Food',94,'1 piece (29 g)');
INSERT INTO food VALUES (48,'Double Cheeseburger','Fast Food',414,'1 burger (155 g)');
INSERT INTO food VALUES (49,'Egg Roll','Fast Food',200,'1 roll (80 g)');
INSERT INTO food VALUES (50,'French Fries','Fast Food',222,'1 serving (71 g)');
INSERT INTO food VALUES (51,'Hamburger','Fast Food',279,'1 sandwich (110 g)');
INSERT INTO food VALUES (52,'Hot Dog','Fast Food',312,'1 hot dog (116 g)');
INSERT INTO food VALUES (53,'McDonalds Big Mac','Fast Food',561,'1 burger (219 g)');
INSERT INTO food VALUES (54,'Calamari','Fish & Seafood',21,'1 piece (12 g)');
INSERT INTO food VALUES (55,'Caviar','Fish & Seafood',42,'1 tbsp (16 g)');
INSERT INTO food VALUES (56,'Clam','Fish & Seafood',126,'3 oz. (85 g)');
INSERT INTO food VALUES (57,'Flounder','Fish & Seafood',109,'1 fillet (127 g)');
INSERT INTO food VALUES (58,'Grouper','Fish & Seafood',238,'1 fillet (202 g)');
INSERT INTO food VALUES (59,'Lobster','Fish & Seafood',134,'1 lobster (150 g)');
INSERT INTO food VALUES (60,'Monkfish','Fish & Seafood',82,'3 oz. (85 g)');
INSERT INTO food VALUES (61,'Octopus','Fish & Seafood',139,'3 oz. (85 g)');
INSERT INTO food VALUES (62,'Sushi','Fish & Seafood',39,'1 piece (26 g)');
INSERT INTO food VALUES (63,'Apple','Fruits ',95,'1 apple (182 g)');
INSERT INTO food VALUES (64,'Banana','Fruits ',111,'1 banana (125 g)');
INSERT INTO food VALUES (65,'Blueberries','Fruits ',84,'1 cup (148 g)');
INSERT INTO food VALUES (66,'Cherries','Fruits ',4,'1 cherry (8 g)');
INSERT INTO food VALUES (67,'Grapes','Fruits ',104,'1 cup (151 g)');
INSERT INTO food VALUES (68,'Lemon','Fruits ',17,'1 lemon (58 g)');
INSERT INTO food VALUES (69,'Lychees','Fruits ',7,'1 lychee (10 g)');
INSERT INTO food VALUES (70,'Mango','Fruits ',202,'1 mango (336 g)');
INSERT INTO food VALUES (71,'Orange','Fruits ',62,'1 orange (131 g)');
INSERT INTO food VALUES (72,'Papaya','Fruits ',215,'1 fruit (500 g)');
INSERT INTO food VALUES (73,'Peach','Fruits ',59,'1 peach (150 g)');
INSERT INTO food VALUES (74,'Pear','Fruits ',101,'1 pear (178 g)');
INSERT INTO food VALUES (75,'Pineapple','Fruits ',453,'1 pineapple (905 g)');
INSERT INTO food VALUES (76,'Watermelon','Fruits ',86,'1 wedge (286 g)');
INSERT INTO food VALUES (77,'Chocolate Milk','Non-alcoholic drink',237,'1 cup (266 ml)');
INSERT INTO food VALUES (78,'Coca Cola','Non-alcoholic drink',139,'1 can (330 ml)');
INSERT INTO food VALUES (79,'Coffee','Non-alcoholic drink',2,'1 cup (237 ml)');
INSERT INTO food VALUES (80,'Coke Zero','Non-alcoholic drink',3,'1 can (330 ml)');
INSERT INTO food VALUES (81,'Hot Chocolate','Non-alcoholic drink',237,'1 cup (266 ml)');
INSERT INTO food VALUES (82,'Lemonade','Non-alcoholic drink',149,'12 fl. oz. (355 ml)');
INSERT INTO food VALUES (83,'Milk','Non-alcoholic drink',149,'1 cup (244 ml)');
INSERT INTO food VALUES (84,'Tea','Non-alcoholic drink',2,'1 cup (237 ml)');
INSERT INTO food VALUES (85,'Broccoli','Vegetables',207,'1 bunch (608 g)');
INSERT INTO food VALUES (86,'Cabbage','Vegetables',227,'1 head (908 g)');
INSERT INTO food VALUES (87,'Capsicum','Vegetables',12,'1 pepper (45 g)');
INSERT INTO food VALUES (88,'Carrot','Vegetables',25,'1 carrot (61 g)');
INSERT INTO food VALUES (89,'Celery','Vegetables',6,'1 stalk (40 g)');
INSERT INTO food VALUES (90,'Chinese Cabbage','Vegetables',134,'1 head (840 g)');
INSERT INTO food VALUES (91,'Corn','Vegetables',562,'1 cup (154 g)');
INSERT INTO food VALUES (92,'Cucumber','Vegetables',66,'1 cucumber (410 g)');
INSERT INTO food VALUES (93,'Eggplant','Vegetables',115,'1 eggplant (458 g)');
INSERT INTO food VALUES (94,'Green Beans','Vegetables',34,'1 cup (110 g)');
INSERT INTO food VALUES (95,'Green Onion','Vegetables',5,'1 green onion (15 g)');
INSERT INTO food VALUES (96,'Lettuce','Vegetables',90,'1 head (600 g)');
INSERT INTO food VALUES (97,'Mushrooms','Vegetables',1,'1 mushroom (5.4 g)');
INSERT INTO food VALUES (98,'Onion','Vegetables',34,'1 onion (85 g)');
INSERT INTO food VALUES (99,'Peas','Vegetables',79,'1 cup (98 g)');
INSERT INTO food VALUES (100,'Pepper','Vegetables',20,'1 pepper (75 g)');
INSERT INTO food VALUES (101,'Potato','Vegetables',164,'1 potato (213 g)');
INSERT INTO food VALUES (102,'Pumpkin','Vegetables',51,'1 pumpkin (196 g)');
INSERT INTO food VALUES (103,'Tomato','Vegetables',20,'1 tomato (111 g)');
/*!40000 ALTER TABLE `Food` ENABLE KEYS */;
UNLOCK TABLES;

/*Table structure for table `health_record` */

DROP TABLE IF EXISTS `health_record`;

CREATE TABLE `health_record` (
  `id` int NOT NULL AUTO_INCREMENT,
  `user_id` int NOT NULL,
  `age` int DEFAULT NULL,
  `height` float DEFAULT NULL,
  `weight` float DEFAULT NULL,
  `BMI` float DEFAULT NULL,
  `BMR` float DEFAULT NULL,
  `BFP` float DEFAULT NULL,
  `TDEE` float DEFAULT NULL,
  `FFMI` float DEFAULT NULL,
  `calorie_deficit` float DEFAULT NULL,
  `exercise_frequency` varchar(64) NOT NULL,
  `date` date DEFAULT NULL,
  `body_shape` int NOT NULL,
  PRIMARY KEY (`id`),
  KEY `user_id` (`user_id`),
  KEY `body_shape` (`body_shape`),
  CONSTRAINT `health_record_ibfk_1` FOREIGN KEY (`user_id`) REFERENCES `users` (`id`),
  CONSTRAINT `health_record_ibfk_2` FOREIGN KEY (`body_shape`) REFERENCES `body_type` (`id`)
) ENGINE=InnoDB AUTO_INCREMENT=11 DEFAULT CHARSET=utf8mb4 COLLATE=utf8mb4_0900_ai_ci;

/*Data for the table `health_record` */

LOCK TABLES `health_record` WRITE;

insert  into `health_record`(`id`,`user_id`,`age`,`height`,`weight`,`BMI`,`BMR`,`BFP`,`TDEE`,`FFMI`,`calorie_deficit`,`exercise_frequency`,`date`,`body_shape`) values 
(1,1,26,164.8,66.3,24.41,1621.51,19.07,2594.42,19.76,6542,'ModerateExercise','2021-07-20',3),
(2,1,26,164.8,65.8,24.23,1614.66,23.2,2583.44,18.61,7235,'ModerateExercise','2021-07-16',3),
(3,2,28,177.5,88.2,27.99,1699.62,25.3,3059.32,20.91,5347,'HeavyExercise','2021-07-25',4),
(4,1,27,165.5,67,24.46,1627.8,19.36,2604.48,19.73,-6825,'ModerateExercise','2021-08-28',3),
(5,1,27,165,67,24.6,1573,19.2,2141.33,19.88,-7699,'ModerateExercise','2021-09-26',4),
(6,4,26,164.8,66.3,24.41,1621.51,19.07,2594.42,19.76,6542,'ModerateExercise','2021-07-20',3),
(7,5,26,164.8,65.8,24.23,1614.66,23.2,2583.44,18.61,7235,'ModerateExercise','2021-07-16',3),
(8,6,28,177.5,88.2,27.99,1699.62,25.3,3059.32,20.91,5347,'HeavyExercise','2021-07-25',4),
(9,7,27,165.5,67,24.46,1627.8,19.36,2604.48,19.73,-6825,'ModerateExercise','2021-08-28',3),
(10,8,27,165.5,66,24.1,1614.1,18.93,2582.56,19.53,-3912.6,'ModerateExercise','2021-08-29',3);

UNLOCK TABLES;

--
-- Table structure for table `Meal`
--

DROP TABLE IF EXISTS `Meal`;
/*!40101 SET @saved_cs_client     = @@character_set_client */;
/*!50503 SET character_set_client = utf8mb4 */;
CREATE TABLE `Meal` (
  `id` int NOT NULL AUTO_INCREMENT,
  `food_id` int NOT NULL,
  `daily_record_id` int NOT NULL,
  `time_period_id` int NOT NULL,
  `quantity` int NOT NULL,
  `total_kcal` int DEFAULT NULL,
  PRIMARY KEY (`id`),
  KEY `food_id` (`food_id`),
  KEY `daily_record_id` (`daily_record_id`),
  KEY `time_period_id` (`time_period_id`),
  CONSTRAINT `Meal_ibfk_1` FOREIGN KEY (`food_id`) REFERENCES `Food` (`id`),
  CONSTRAINT `Meal_ibfk_2` FOREIGN KEY (`daily_record_id`) REFERENCES `Daily_Record` (`id`),
  CONSTRAINT `Meal_ibfk_3` FOREIGN KEY (`time_period_id`) REFERENCES `Time_period` (`id`)
) ENGINE=InnoDB AUTO_INCREMENT=401 DEFAULT CHARSET=utf8mb4 COLLATE=utf8mb4_unicode_ci;
/*!40101 SET character_set_client = @saved_cs_client */;


--
-- Table structure for table `monthly_record`
--

DROP TABLE IF EXISTS `monthly_record`;
/*!40101 SET @saved_cs_client     = @@character_set_client */;
/*!50503 SET character_set_client = utf8mb4 */;
CREATE TABLE `monthly_record` (
  `id` int NOT NULL AUTO_INCREMENT,
  `user_id` int NOT NULL,
  `monthly` date NOT NULL,
  `finish` int NOT NULL,
  `monthly_kcal` int NOT NULL,
  `monthly_time` int NOT NULL,
  PRIMARY KEY (`id`),
  KEY `user_id` (`user_id`),
  CONSTRAINT `monthly_record_ibfk_1` FOREIGN KEY (`user_id`) REFERENCES `Users` (`id`)
) ENGINE=InnoDB AUTO_INCREMENT=6 DEFAULT CHARSET=utf8mb4 COLLATE=utf8mb4_0900_ai_ci;
/*!40101 SET character_set_client = @saved_cs_client */;

--
-- Dumping data for table `monthly_record`
--

LOCK TABLES `monthly_record` WRITE;
/*!40000 ALTER TABLE `monthly_record` DISABLE KEYS */;
INSERT INTO `monthly_record` VALUES 
(1,41,'2021-08-01',3,2000,400),
(2,41,'2021-09-01',5,900,100),
(3,41,'2021-07-01',1,100,20),
(4,1,'2021-07-01',1,100,21),
(5,1,'2021-08-01',14,1800,27),
(6,1,'2021-09-01',12,1600,66),
(7,2,'2021-09-01',10,100,21),
(8,4,'2021-09-01',2,1200,20),
(9,5,'2021-09-01',5,1800,20),
(10,6,'2021-09-01',7,1800,20),
(11,7,'2021-09-01',8,1800,20),
(12,8,'2021-09-01',10,1800,20);
/*!40000 ALTER TABLE `monthly_record` ENABLE KEYS */;
UNLOCK TABLES;

--
-- Table structure for table `Personal_Goal`
--

DROP TABLE IF EXISTS `Personal_Goal`;
/*!40101 SET @saved_cs_client     = @@character_set_client */;
/*!50503 SET character_set_client = utf8mb4 */;
CREATE TABLE `Personal_Goal` (
  `id` int NOT NULL AUTO_INCREMENT,
  `user_id` int NOT NULL,
  `start_weight` float DEFAULT NULL,
  `goal_weight` float DEFAULT NULL,
  `total_lost` int DEFAULT NULL,
  `created_date` date DEFAULT NULL,
  PRIMARY KEY (`id`),
  KEY `user_id` (`user_id`),
  CONSTRAINT `personal_goal_ibfk_1` FOREIGN KEY (`user_id`) REFERENCES `Users` (`id`)
) ENGINE=InnoDB AUTO_INCREMENT=4 DEFAULT CHARSET=utf8mb4 COLLATE=utf8mb4_0900_ai_ci;
/*!40101 SET character_set_client = @saved_cs_client */;

--
-- Dumping data for table `Personal_Goal`
--

LOCK TABLES `Personal_Goal` WRITE;
/*!40000 ALTER TABLE `Personal_Goal` DISABLE KEYS */;
INSERT INTO `Personal_Goal` VALUES 
(1,1,80,70,4256,'2021-06-01'),
(2,1,70,60,17852,'2021-07-20'),
(3,2,60,50,4567,'2021-07-25'),
(4,1,68,52.5,0,'2021-08-30'),
(5,4,80,70,4256,'2021-06-01'),
(6,5,80,70,4256,'2021-06-01'),
(7,6,80,70,4256,'2021-06-01'),
(8,7,70,60,17852,'2021-07-20'),
(9,8,60,50,4567,'2021-07-25'),
(10,1,68,52.5,0,'2021-08-31');
/*!40000 ALTER TABLE `Personal_Goal` ENABLE KEYS */;
UNLOCK TABLES;

/*Table structure for table `resetpasswordtoken` */

DROP TABLE IF EXISTS `Reset_Password_Token`;

CREATE TABLE `Reset_Password_Token` (
  `id` int NOT NULL AUTO_INCREMENT,
  `user_id` int NOT NULL,
  `reset_token` varchar(255) NOT NULL,
  `mail_create` datetime NOT NULL DEFAULT CURRENT_TIMESTAMP,
  `mail_modify` datetime DEFAULT NULL,
  PRIMARY KEY (`id`),
  KEY `user_id` (`user_id`),
  CONSTRAINT `resetpasswordtoken_ibfk_1` FOREIGN KEY (`user_id`) REFERENCES `users` (`id`)
) ENGINE=InnoDB DEFAULT CHARSET=utf8mb4 COLLATE=utf8mb4_0900_ai_ci;

/*Data for the table `resetpasswordtoken` */

LOCK TABLES `Reset_Password_Token` WRITE;

UNLOCK TABLES;

--
-- Table structure for table `Time_period`
--

DROP TABLE IF EXISTS `Time_period`;
/*!40101 SET @saved_cs_client     = @@character_set_client */;
/*!50503 SET character_set_client = utf8mb4 */;
CREATE TABLE `Time_period` (
  `id` int NOT NULL AUTO_INCREMENT,
  `name` varchar(64) CHARACTER SET utf8mb4 COLLATE utf8mb4_unicode_ci NOT NULL,
  PRIMARY KEY (`id`)
) ENGINE=InnoDB AUTO_INCREMENT=4 DEFAULT CHARSET=utf8mb4 COLLATE=utf8mb4_unicode_ci;
/*!40101 SET character_set_client = @saved_cs_client */;

--
-- Dumping data for table `Time_period`
--

LOCK TABLES `Time_period` WRITE;
/*!40000 ALTER TABLE `Time_period` DISABLE KEYS */;
INSERT INTO `Time_period` VALUES (1,'Breakfast'),(2,'Lunch'),(3,'Dinner');
/*!40000 ALTER TABLE `Time_period` ENABLE KEYS */;
UNLOCK TABLES;

--
-- Table structure for table `Users`
--

DROP TABLE IF EXISTS `Users`;
/*!40101 SET @saved_cs_client     = @@character_set_client */;
/*!50503 SET character_set_client = utf8mb4 */;
CREATE TABLE `Users` (
  `id` int NOT NULL AUTO_INCREMENT,
  `full_name` varchar(255) CHARACTER SET utf8mb4 COLLATE utf8mb4_unicode_ci NOT NULL,
  `password` varchar(100) CHARACTER SET utf8mb4 COLLATE utf8mb4_unicode_ci NOT NULL,
  `nickname` varchar(64) CHARACTER SET utf8mb4 COLLATE utf8mb4_unicode_ci DEFAULT NULL,
  `gender` varchar(15) CHARACTER SET utf8mb4 COLLATE utf8mb4_unicode_ci NOT NULL,
  `email` varchar(255) CHARACTER SET utf8mb4 COLLATE utf8mb4_unicode_ci NOT NULL,
  `phone` varchar(15) CHARACTER SET utf8mb4 COLLATE utf8mb4_unicode_ci DEFAULT NULL,
  `address` varchar(100) CHARACTER SET utf8mb4 COLLATE utf8mb4_unicode_ci DEFAULT NULL,
  `birthday` date NOT NULL,
  `created_at` timestamp NOT NULL DEFAULT CURRENT_TIMESTAMP,
  `avatar_id` int DEFAULT NULL,
  `certification_status` int NOT NULL,
  `role` varchar(255) CHARACTER SET utf8mb4 COLLATE utf8mb4_unicode_ci DEFAULT NULL,
  `dateline` date DEFAULT NULL,
  PRIMARY KEY (`id`),
  UNIQUE KEY `email` (`email`),
  KEY `avatar_id` (`avatar_id`),
  CONSTRAINT `Users_ibfk_1` FOREIGN KEY (`avatar_id`) REFERENCES `Avatar` (`id`)
) ENGINE=InnoDB AUTO_INCREMENT=41 DEFAULT CHARSET=utf8mb4 COLLATE=utf8mb4_unicode_ci;
/*!40101 SET character_set_client = @saved_cs_client */;

--
-- Dumping data for table `Users`
--

LOCK TABLES `Users` WRITE;
/*!40000 ALTER TABLE `Users` DISABLE KEYS */;
INSERT INTO `Users` VALUES 
(1,'Funk','$2a$10$p/lWTfRvR/vKvuPqWgKon.DN461b4UFBxahuaKNG9fPBn3dsucyl6','龐克頭','Male','playfit1234@gmail.com','0970750520','台中市北區中正路808號','1998-08-09','1994-09-26 08:24:29',1,1,'ROLE_NORMAL',NULL),
(2,'mickey','$2a$10$p/lWTfRvR/vKvuPqWgKon.DN461b4UFBxahuaKNG9fPBn3dsucyl6','米其林','Male','mickey.rau@example.org','077-057-2468','台北市中山北路64號','1998-08-09','1998-09-24 08:24:29',2,0,NULL,NULL),
(3,'kitty','$2a$10$p/lWTfRvR/vKvuPqWgKon.DN461b4UFBxahuaKNG9fPBn3dsucyl6','你好KK','Female','kitty.rau@example.org','256-067-1357','新竹市竹科路777號','1998-08-09','0000-00-00 00:00:00',3,0,NULL,NULL),
(4,'Effie Waelchi','f04830307d50203c785c452e261f6690be35debd','quam','Male','claudie.mckenzie@example.net','033.877.6376','78868 Stamm Trail Suite 778\nWest Maiyachester, IA 16042','1998-08-09','1974-10-24 21:45:44',4,1,NULL,NULL),
(5,'Miss Carmela Erdman','a4460fb64e8666f937f69d51d568208a40e9305f','aspernatur','Female','delores.kautzer@example.org','07025232554','8063 Parker Squares Apt. 114\nNew Kaneton, LA 66489-1349','1975-08-17','1991-02-19 04:38:52',5,2,NULL,NULL),
(6,'Kylie Schmeler','0c8807b9a59b501ccb3612bf123e1d2d5691359f','voluptatem','Female','mdietrich@example.org','887-927-3660','2809 Goldner Fall Suite 903\nSouth Miles, HI 91668-9002','2011-09-15','2003-06-19 01:39:52',6,2,NULL,NULL),
(7,'Simone Robel','9b5c156fbf746db915effe445f825b540c074ce4','est','Male','consuelo.spinka@example.net','203.043.3886x91','7365 Johnston Ville\nEast Loren, MI 57113','2019-08-25','2008-01-13 10:29:18',7,3,NULL,NULL),
(8,'Miss Kiana Ryan','7adf6d1e294b169b96a662d5d04d967c345444bf','fugit','Male','chase90@example.org','1-455-623-0013x','0572 Gabe Well Apt. 298\nLake Taniaville, NC 39499','1973-02-13','2012-01-24 13:09:36',8,2,NULL,NULL),
(9,'Prof. Amara Cummings','2b2164b6c51484f42087e4c9a5ae047a3aa2bebd','qui','Male','wisoky.cathryn@example.net','204-066-9565x34','3612 Mercedes Freeway Apt. 049\nFosterland, HI 77577','1998-01-14','2021-01-16 10:49:01',9,3,NULL,NULL),
(10,'Orville Heidenreich','4063c1313438f471c1d3276bff09f23514e175f6','recusandae','Female','otis.kub@example.com','726.333.5670x22','254 Abernathy Walks Apt. 469\nSouth Makaylaville, MD 40617','1997-06-12','1990-01-09 10:44:19',10,1,NULL,NULL),
(11,'Sonny Hintz','a1241ef1daca045ae763fb19eaf8930ba1dd2cd6','alias','Male','pascale96@example.net','(734)181-9854x2','02692 Jaycee Circles\nAprilburgh, MA 88031','2003-11-26','1997-11-02 11:08:48',11,1,NULL,NULL),
(12,'Mrs. Lavada Herzog','8ce8294b5c60a0d19092011fda66ed3552d79f88','quia','Male','mariela17@example.com','1-863-636-6308x','29810 Lubowitz Plain\nDemetrisstad, PA 65645','2004-11-18','1999-10-04 08:35:30',12,3,NULL,NULL),
(13,'Dr. Zola Lind Sr.','5966416e6cf7d971637a0949ec6270a371398bd5','doloremque','Male','ellie55@example.net','1-232-565-3187x','8867 Sarai Stravenue\nEast Albert, MD 78563','1989-06-21','1991-12-14 02:11:15',13,1,NULL,NULL),
(14,'Gia Douglas','e55b97bef7ca241e6ab052b4733b37dab4706e7f','quas','Female','zwaters@example.com','903.147.9823x72','057 Darrell Knoll\nLloydborough, GA 56170-1164','2021-06-12','2006-02-02 20:07:16',14,1,NULL,NULL),
(15,'Miss Verna Marquardt','d276d2a8b15a208023c25203f46a15bcd1e4619c','sapiente','Female','precious07@example.org','871.899.6214x49','3334 Deshawn Flat\nNew Annamariemouth, WA 11646-1838','1992-06-25','2018-12-04 12:59:44',15,3,NULL,NULL),
(16,'Lucas Schimmel','8919f8026fee590577a0777541ca9f34e81ac37e','officia','Male','bergnaum.hannah@example.com','399.533.7515x12','978 Jewell Point\nNew Justineshire, DC 80105','2002-02-09','2008-05-24 02:15:07',16,3,NULL,NULL),
(17,'Deondre Little','3952ff1cca8a8eaca80e8073de62f8dcbe470d65','consectetur','Female','dickens.monique@example.net','09644154407','952 Edd Drive Apt. 398\nMarleefurt, IL 39332-3778','2013-05-15','1970-12-01 01:53:51',17,1,NULL,NULL),
(18,'Mrs. Lela Hara III','c04bf682e6016b5c48af31d351fca1586d13f450','quibusdam','Male','armstrong.giovanny@example.org','06260764980','9419 Miller Drive\nWest Cecilstad, VA 99894-6985','1996-03-27','1985-02-23 06:46:36',18,3,NULL,NULL),
(19,'Dr. Elyssa Bernier','eb8410a4e77d372bc7414c78e1a39d2969a72fb3','harum','Female','lora.klocko@example.com','531-288-2793x90','4204 Marion Garden\nWest Ashleeside, DC 67758','1992-03-26','2020-10-03 12:15:09',19,2,NULL,NULL),
(20,'Warren Klein','c2f1a47535d2e6b8d21eee899a7c68880df7d74e','dolores','Female','hollis.haley@example.net','+71(7)340085732','255 Mayer Squares\nNorth Ignacio, AL 76449','1996-11-15','1996-06-21 17:11:05',20,2,NULL,NULL),
(21,'Prof. Mohamed Huels IV','27be74838caf068b9d24f279b5a81f93cf4652b2','ut','Male','kemmer.burnice@example.net','572.252.0443','835 Connie Street Suite 024\nProsaccoborough, MN 42405-9014','1991-12-07','2000-05-10 18:32:38',21,2,NULL,NULL),
(22,'Jaydon Prohaska','1bbc23fe5392cb72af1ee37b9351ed4e06375db5','et','Male','javon.hettinger@example.org','(012)516-6853','51851 Homenick Rest Suite 349\nNormamouth, CA 93778-3886','1982-11-08','2002-05-11 21:44:48',22,1,NULL,NULL),
(23,'Toni Effertz Sr.','20fdf6c6bef7ed728fba06f6b3b0c1384ae70ab4','tenetur','Female','labadie.eduardo@example.com','(613)296-5419x1','034 Maeve Turnpike\nNew Marcellustown, SC 20876-6652','2015-08-06','2001-01-06 17:37:58',23,3,NULL,NULL),
(24,'Dr. Larue Larkin','32b63a06e108df9fdb3c8beb38dfb6297d0ae9d8','odio','Male','miller87@example.com','789-212-7857x21','5994 Ceasar Row Apt. 577\nLake Ellis, NE 84292-9325','1974-03-23','2016-11-16 03:02:47',24,2,NULL,NULL),
(25,'Gavin Collins','392059f79df2b6716b789bbb10105b75a00efae2','quo','Female','lavada.leuschke@example.com','(452)842-6797','99112 Haley Corners\nWest Marilou, RI 03661','2008-11-24','1999-07-22 06:09:49',25,2,NULL,NULL),
(26,'Noemie Cremin','a7046903d5d8c7c122c5c283eaf40640e211b813','molestiae','Female','veum.tyra@example.com','1-425-825-4998x','657 Jacobs Crest Suite 551\nLake Piper, OR 21203','2004-01-24','1988-05-15 18:45:33',26,1,NULL,NULL),
(27,'Chad Kessler','555e8a0f613e45ba89514736df00be4a3ce3a6d8','voluptas','Male','corine.crooks@example.org','07740464753','4059 Pacocha Island Suite 484\nDietrichborough, VA 37372','2013-08-29','1972-05-25 13:19:48',27,3,NULL,NULL),
(28,'Dr. Eunice Collier','110f73f864b83dcc634a289e7c0ebb30a70d2c05','magnam','Male','cboehm@example.net','133-736-8858','221 Crooks Inlet\nWest Tamia, WV 42869-6780','1986-02-02','1980-10-04 03:30:28',28,2,NULL,NULL),
(29,'Caden Luettgen','25d6977da195215937d2b3ebdb5ae10a87a53a5e','eligendi','Female','shanie94@example.com','466-826-3614x53','957 Rosalinda Islands\nCristville, GA 32027-9925','2017-12-16','1983-07-15 15:06:03',29,1,NULL,NULL),
(30,'Madisyn Lakin Jr.','3f5221cbc229924170ae7756b5c1cd9332beac75','est','Male','howell.gwendolyn@example.org','(385)301-2928x4','8835 Terry Squares\nBaumbachport, WI 65237-7948','2008-03-05','2007-07-06 09:05:46',30,2,NULL,NULL),
(31,'Marion Hahn','58220bfff0304fe6d3cf532eec0249355e5a71d3','voluptatem','Male','bpfeffer@example.org','252-021-5210','90632 Littel Hill\nWest Cornelius, MN 06082-2857','2000-02-16','1987-08-30 10:14:20',31,2,NULL,NULL),
(32,'Rosie Satterfield IV','c4296c1d3a57d2637e4bafbc354b4d5d6f3ac63f','optio','Female','tevin07@example.org','+68(9)892177164','630 Heloise Overpass\nRunolfssonstad, NY 54532-8904','1975-01-08','2015-09-23 18:10:48',32,3,NULL,NULL),
(33,'Mariana Littel','9e451ee17e02dacc9643d033581d050d8a7510bd','quas','Male','eugenia64@example.net','(802)807-8081','658 Jean Street\nEast Godfrey, TX 43443','1975-07-04','1995-02-14 10:07:17',33,2,NULL,NULL),
(34,'Rosemary Abernathy','6c52e26fd1d182d4860b81874ce891ed7ba65675','et','Female','agottlieb@example.net','032.104.4580x80','1480 Borer Stream Suite 968\nSouth Aurore, NM 25770','2011-10-09','2002-01-24 18:02:13',34,2,NULL,NULL),
(35,'Prof. Justyn Brekke II','1492ffbaa3c588907e9a297ebd7beea640e0ad08','corporis','Female','gkunde@example.com','805-086-8629','066 Quinn Extension Suite 252\nSidview, IN 72507-9229','1988-07-27','1970-03-02 04:12:12',35,3,NULL,NULL),
(36,'Litzy Hintz','cdcb7c70b541ab5359e800c3e6ab169bffbadd6b','laudantium','Female','isabelle78@example.org','1-821-900-8034x','6554 Schultz Crescent Suite 940\nWildermanbury, RI 58652-0429','2005-12-16','2005-01-18 10:13:51',36,2,NULL,NULL),
(37,'Ms. Laila Feeney','d11bd76c78c116fb078933093b56423c907254a0','molestias','Male','oda75@example.com','479-489-3249x60','9164 Bonita Views Apt. 984\nMetaville, VA 05462-3544','1985-12-20','1991-01-30 23:24:41',37,2,NULL,NULL),
(38,'Sonya Bradtke','8926b676d4d6a7826d0d0b98974cef8562b0a7de','quibusdam','Male','smorar@example.com','+79(5)713902001','863 Cremin Squares\nShayleemouth, NM 87392-5130','2004-07-05','1971-01-01 07:19:51',38,1,NULL,NULL),
(39,'Miss Antonette Glover IV','bb7d3f0bb54d23c2f9c9d6fc93df72bb6ace1dc0','consequuntur','Female','dnitzsche@example.org','940.181.4668x24','815 Fernando Forges Suite 928\nSouth Enolaburgh, MS 10004','1996-05-27','2006-10-15 00:30:14',39,3,NULL,NULL),
(40,'Ilene Beatty','1467c20d8101f7aae4f3c8537d22c69291a0c303','libero','Male','antonette.hand@example.org','1-169-043-8437x','06640 Shields Estate Apt. 860\nTremblaymouth, MT 83209','1999-06-01','2010-02-04 00:07:40',40,3,NULL,NULL);

/*!40000 ALTER TABLE `Users` ENABLE KEYS */;
UNLOCK TABLES;

-- 新增訂單記錄table
DROP TABLE IF EXISTS `order_record`;
CREATE TABLE `playfit`.`order_record` (
  `id` INT NOT NULL AUTO_INCREMENT,
  `user_id` INT NOT NULL,
  `merchant_trade_no` VARCHAR(100) NULL DEFAULT NULL,
  `payment_date` TIMESTAMP NULL,
  `payment_type` VARCHAR(45) NULL,
  `payment_type_charge_fee` INT NULL,
  `trade_amt` INT NULL,
  `trade_date` TIMESTAMP NULL,
  `trade_no` VARCHAR(20) NULL,
  PRIMARY KEY (`id`),
  INDEX `order_id_fk_1_idx` (`user_id` ASC) VISIBLE,
  CONSTRAINT `order_id_fk_1`
    FOREIGN KEY (`user_id`)
    REFERENCES `playfit`.`Users` (`id`)
    ON DELETE CASCADE
    ON UPDATE CASCADE);





DROP TABLE IF EXISTS `diary_photo`;
/*!40101 SET @saved_cs_client     = @@character_set_client */;
/*!50503 SET character_set_client = utf8mb4 */;
CREATE TABLE `diary_photo` (
  `id` int NOT NULL AUTO_INCREMENT,
  `daily_record_id` int DEFAULT NULL,
  `file_name` varchar(64) DEFAULT NULL,
  `extension` varchar(64) DEFAULT NULL,
  `created_at` timestamp NOT NULL DEFAULT CURRENT_TIMESTAMP,
  PRIMARY KEY (`id`),
  KEY `daily_record_id` (`daily_record_id`),
  CONSTRAINT `daily_record_id` FOREIGN KEY (`daily_record_id`) REFERENCES `Daily_Record` (`id`)
) ENGINE=InnoDB AUTO_INCREMENT=501 DEFAULT CHARSET=utf8mb4 COLLATE=utf8mb4_unicode_ci;
/*!40101 SET character_set_client = @saved_cs_client */;



--
-- Dumping routines for database 'playfit'
--
/*!40103 SET TIME_ZONE=@OLD_TIME_ZONE */;

/*!40101 SET SQL_MODE=@OLD_SQL_MODE */;
/*!40014 SET FOREIGN_KEY_CHECKS=@OLD_FOREIGN_KEY_CHECKS */;
/*!40014 SET UNIQUE_CHECKS=@OLD_UNIQUE_CHECKS */;
/*!40101 SET CHARACTER_SET_CLIENT=@OLD_CHARACTER_SET_CLIENT */;
/*!40101 SET CHARACTER_SET_RESULTS=@OLD_CHARACTER_SET_RESULTS */;
/*!40101 SET COLLATION_CONNECTION=@OLD_COLLATION_CONNECTION */;
/*!40111 SET SQL_NOTES=@OLD_SQL_NOTES */;

-- Dump completed on 2021-08-14 15:54:27
